zip_code,city,latitude,longitude,ercot_zone
75001,Arlington,32.7355,-97.1088,NORTH
75201,Dallas,32.7767,-96.7970,NORTH
75202,Dallas,32.7767,-96.7970,NORTH
75203,Dallas,32.7767,-96.7970,NORTH
75204,Dallas,32.7767,-96.7970,NORTH
75205,Dallas,32.7767,-96.7970,NORTH
75206,Dallas,32.7767,-96.7970,NORTH
75207,Dallas,32.7767,-96.7970,NORTH
75208,Dallas,32.7767,-96.7970,NORTH
75209,Dallas,32.7767,-96.7970,NORTH
75210,Dallas,32.7767,-96.7970,NORTH
75211,Dallas,32.7767,-96.7970,NORTH
75212,Dallas,32.7767,-96.7970,NORTH
75214,Dallas,32.7767,-96.7970,NORTH
75215,Dallas,32.7767,-96.7970,NORTH
75216,Dallas,32.7767,-96.7970,NORTH
75217,Dallas,32.7767,-96.7970,NORTH
75218,Dallas,32.7767,-96.7970,NORTH
75219,Dallas,32.7767,-96.7970,NORTH
75220,Dallas,32.7767,-96.7970,NORTH
75221,Dallas,32.7767,-96.7970,NORTH
75222,Dallas,32.7767,-96.7970,NORTH
75223,Dallas,32.7767,-96.7970,NORTH
75224,Dallas,32.7767,-96.7970,NORTH
75225,Dallas,32.7767,-96.7970,NORTH
75226,Dallas,32.7767,-96.7970,NORTH
75227,Dallas,32.7767,-96.7970,NORTH
75228,Dallas,32.7767,-96.7970,NORTH
75229,Dallas,32.7767,-96.7970,NORTH
75230,Dallas,32.7767,-96.7970,NORTH
75231,Dallas,32.7767,-96.7970,NORTH
75232,Dallas,32.7767,-96.7970,NORTH
75233,Dallas,32.7767,-96.7970,NORTH
75234,Dallas,32.7767,-96.7970,NORTH
75235,Dallas,32.7767,-96.7970,NORTH
75236,Dallas,32.7767,-96.7970,NORTH
75237,Dallas,32.7767,-96.7970,NORTH
75238,Dallas,32.7767,-96.7970,NORTH
75239,Dallas,32.7767,-96.7970,NORTH
75240,Dallas,32.7767,-96.7970,NORTH
75241,Dallas,32.7767,-96.7970,NORTH
75242,Dallas,32.7767,-96.7970,NORTH
75243,Dallas,32.7767,-96.7970,NORTH
75244,Dallas,32.7767,-96.7970,NORTH
75245,Dallas,32.7767,-96.7970,NORTH
75246,Dallas,32.7767,-96.7970,NORTH
75247,Dallas,32.7767,-96.7970,NORTH
75248,Dallas,32.7767,-96.7970,NORTH
75249,Dallas,32.7767,-96.7970,NORTH
75250,Dallas,32.7767,-96.7970,NORTH
75251,Dallas,32.7767,-96.7970,NORTH
75252,Dallas,32.7767,-96.7970,NORTH
75253,Dallas,32.7767,-96.7970,NORTH
75254,Dallas,32.7767,-96.7970,NORTH
75260,Dallas,32.7767,-96.7970,NORTH
75261,Dallas,32.7767,-96.7970,NORTH
75262,Dallas,32.7767,-96.7970,NORTH
75263,Dallas,32.7767,-96.7970,NORTH
75264,Dallas,32.7767,-96.7970,NORTH
75265,Dallas,32.7767,-96.7970,NORTH
75266,Dallas,32.7767,-96.7970,NORTH
75267,Dallas,32.7767,-96.7970,NORTH
75270,Dallas,32.7767,-96.7970,NORTH
75275,Dallas,32.7767,-96.7970,NORTH
75277,Dallas,32.7767,-96.7970,NORTH
75283,Dallas,32.7767,-96.7970,NORTH
75284,Dallas,32.7767,-96.7970,NORTH
75285,Dallas,32.7767,-96.7970,NORTH
75286,Dallas,32.7767,-96.7970,NORTH
75287,Dallas,32.7767,-96.7970,NORTH
77001,Houston,29.7604,-95.3698,SOUTH
77002,Houston,29.7604,-95.3698,SOUTH
77003,Houston,29.7604,-95.3698,SOUTH
77004,Houston,29.7604,-95.3698,SOUTH
77005,Houston,29.7604,-95.3698,SOUTH
77006,Houston,29.7604,-95.3698,SOUTH
77007,Houston,29.7604,-95.3698,SOUTH
77008,Houston,29.7604,-95.3698,SOUTH
77009,Houston,29.7604,-95.3698,SOUTH
77010,Houston,29.7604,-95.3698,SOUTH
77011,Houston,29.7604,-95.3698,SOUTH
77012,Houston,29.7604,-95.3698,SOUTH
77013,Houston,29.7604,-95.3698,SOUTH
77014,Houston,29.7604,-95.3698,SOUTH
77015,Houston,29.7604,-95.3698,SOUTH
77016,Houston,29.7604,-95.3698,SOUTH
77017,Houston,29.7604,-95.3698,SOUTH
77018,Houston,29.7604,-95.3698,SOUTH
77019,Houston,29.7604,-95.3698,SOUTH
77020,Houston,29.7604,-95.3698,SOUTH
77021,Houston,29.7604,-95.3698,SOUTH
77022,Houston,29.7604,-95.3698,SOUTH
77023,Houston,29.7604,-95.3698,SOUTH
77024,Houston,29.7604,-95.3698,SOUTH
77025,Houston,29.7604,-95.3698,SOUTH
77026,Houston,29.7604,-95.3698,SOUTH
77027,Houston,29.7604,-95.3698,SOUTH
77028,Houston,29.7604,-95.3698,SOUTH
77029,Houston,29.7604,-95.3698,SOUTH
77030,Houston,29.7604,-95.3698,SOUTH
77031,Houston,29.7604,-95.3698,SOUTH
77032,Houston,29.7604,-95.3698,SOUTH
77033,Houston,29.7604,-95.3698,SOUTH
77034,Houston,29.7604,-95.3698,SOUTH
77035,Houston,29.7604,-95.3698,SOUTH
77036,Houston,29.7604,-95.3698,SOUTH
77037,Houston,29.7604,-95.3698,SOUTH
77038,Houston,29.7604,-95.3698,SOUTH
77039,Houston,29.7604,-95.3698,SOUTH
77040,Houston,29.7604,-95.3698,SOUTH
77041,Houston,29.7604,-95.3698,SOUTH
77042,Houston,29.7604,-95.3698,SOUTH
77043,Houston,29.7604,-95.3698,SOUTH
77044,Houston,29.7604,-95.3698,SOUTH
77045,Houston,29.7604,-95.3698,SOUTH
77046,Houston,29.7604,-95.3698,SOUTH
77047,Houston,29.7604,-95.3698,SOUTH
77048,Houston,29.7604,-95.3698,SOUTH
77049,Houston,29.7604,-95.3698,SOUTH
77050,Houston,29.7604,-95.3698,SOUTH
77051,Houston,29.7604,-95.3698,SOUTH
77052,Houston,29.7604,-95.3698,SOUTH
77053,Houston,29.7604,-95.3698,SOUTH
77054,Houston,29.7604,-95.3698,SOUTH
77055,Houston,29.7604,-95.3698,SOUTH
77056,Houston,29.7604,-95.3698,SOUTH
77057,Houston,29.7604,-95.3698,SOUTH
77058,Houston,29.7604,-95.3698,SOUTH
77059,Houston,29.7604,-95.3698,SOUTH
77060,Houston,29.7604,-95.3698,SOUTH
77061,Houston,29.7604,-95.3698,SOUTH
77062,Houston,29.7604,-95.3698,SOUTH
77063,Houston,29.7604,-95.3698,SOUTH
77064,Houston,29.7604,-95.3698,SOUTH
77065,Houston,29.7604,-95.3698,SOUTH
77066,Houston,29.7604,-95.3698,SOUTH
77067,Houston,29.7604,-95.3698,SOUTH
77068,Houston,29.7604,-95.3698,SOUTH
77069,Houston,29.7604,-95.3698,SOUTH
77070,Houston,29.7604,-95.3698,SOUTH
77071,Houston,29.7604,-95.3698,SOUTH
77072,Houston,29.7604,-95.3698,SOUTH
77073,Houston,29.7604,-95.3698,SOUTH
77074,Houston,29.7604,-95.3698,SOUTH
77075,Houston,29.7604,-95.3698,SOUTH
77076,Houston,29.7604,-95.3698,SOUTH
77077,Houston,29.7604,-95.3698,SOUTH
77078,Houston,29.7604,-95.3698,SOUTH
77079,Houston,29.7604,-95.3698,SOUTH
77080,Houston,29.7604,-95.3698,SOUTH
77081,Houston,29.7604,-95.3698,SOUTH
77082,Houston,29.7604,-95.3698,SOUTH
77083,Houston,29.7604,-95.3698,SOUTH
77084,Houston,29.7604,-95.3698,SOUTH
77085,Houston,29.7604,-95.3698,SOUTH
77086,Houston,29.7604,-95.3698,SOUTH
77087,Houston,29.7604,-95.3698,SOUTH
77088,Houston,29.7604,-95.3698,SOUTH
77089,Houston,29.7604,-95.3698,SOUTH
77090,Houston,29.7604,-95.3698,SOUTH
77091,Houston,29.7604,-95.3698,SOUTH
77092,Houston,29.7604,-95.3698,SOUTH
77093,Houston,29.7604,-95.3698,SOUTH
77094,Houston,29.7604,-95.3698,SOUTH
77095,Houston,29.7604,-95.3698,SOUTH
77096,Houston,29.7604,-95.3698,SOUTH
77097,Houston,29.7604,-95.3698,SOUTH
77098,Houston,29.7604,-95.3698,SOUTH
77099,Houston,29.7604,-95.3698,SOUTH
78701,Austin,30.2672,-97.7431,CENTRAL
78702,Austin,30.2672,-97.7431,CENTRAL
78703,Austin,30.2672,-97.7431,CENTRAL
78704,Austin,30.2672,-97.7431,CENTRAL
78705,Austin,30.2672,-97.7431,CENTRAL
78706,Austin,30.2672,-97.7431,CENTRAL
78707,Austin,30.2672,-97.7431,CENTRAL
78708,Austin,30.2672,-97.7431,CENTRAL
78709,Austin,30.2672,-97.7431,CENTRAL
78710,Austin,30.2672,-97.7431,CENTRAL
78711,Austin,30.2672,-97.7431,CENTRAL
78712,Austin,30.2672,-97.7431,CENTRAL
78713,Austin,30.2672,-97.7431,CENTRAL
78714,Austin,30.2672,-97.7431,CENTRAL
78715,Austin,30.2672,-97.7431,CENTRAL
78716,Austin,30.2672,-97.7431,CENTRAL
78717,Austin,30.2672,-97.7431,CENTRAL
78718,Austin,30.2672,-97.7431,CENTRAL
78719,Austin,30.2672,-97.7431,CENTRAL
78720,Austin,30.2672,-97.7431,CENTRAL
78721,Austin,30.2672,-97.7431,CENTRAL
78722,Austin,30.2672,-97.7431,CENTRAL
78723,Austin,30.2672,-97.7431,CENTRAL
78724,Austin,30.2672,-97.7431,CENTRAL
78725,Austin,30.2672,-97.7431,CENTRAL
78726,Austin,30.2672,-97.7431,CENTRAL
78727,Austin,30.2672,-97.7431,CENTRAL
78728,Austin,30.2672,-97.7431,CENTRAL
78729,Austin,30.2672,-97.7431,CENTRAL
78730,Austin,30.2672,-97.7431,CENTRAL
78731,Austin,30.2672,-97.7431,CENTRAL
78732,Austin,30.2672,-97.7431,CENTRAL
78733,Austin,30.2672,-97.7431,CENTRAL
78734,Austin,30.2672,-97.7431,CENTRAL
78735,Austin,30.2672,-97.7431,CENTRAL
78736,Austin,30.2672,-97.7431,CENTRAL
78737,Austin,30.2672,-97.7431,CENTRAL
78738,Austin,30.2672,-97.7431,CENTRAL
78739,Austin,30.2672,-97.7431,CENTRAL
78741,Austin,30.2672,-97.7431,CENTRAL
78742,Austin,30.2672,-97.7431,CENTRAL
78743,Austin,30.2672,-97.7431,CENTRAL
78744,Austin,30.2672,-97.7431,CENTRAL
78745,Austin,30.2672,-97.7431,CENTRAL
78746,Austin,30.2672,-97.7431,CENTRAL
78747,Austin,30.2672,-97.7431,CENTRAL
78748,Austin,30.2672,-97.7431,CENTRAL
78749,Austin,30.2672,-97.7431,CENTRAL
78750,Austin,30.2672,-97.7431,CENTRAL
78751,Austin,30.2672,-97.7431,CENTRAL
78752,Austin,30.2672,-97.7431,CENTRAL
78753,Austin,30.2672,-97.7431,CENTRAL
78754,Austin,30.2672,-97.7431,CENTRAL
78756,Austin,30.2672,-97.7431,CENTRAL
78757,Austin,30.2672,-97.7431,CENTRAL
78758,Austin,30.2672,-97.7431,CENTRAL
78759,Austin,30.2672,-97.7431,CENTRAL
78760,Austin,30.2672,-97.7431,CENTRAL
78761,Austin,30.2672,-97.7431,CENTRAL
78762,Austin,30.2672,-97.7431,CENTRAL
78763,Austin,30.2672,-97.7431,CENTRAL
78764,Austin,30.2672,-97.7431,CENTRAL
78765,Austin,30.2672,-97.7431,CENTRAL
78766,Austin,30.2672,-97.7431,CENTRAL
78767,Austin,30.2672,-97.7431,CENTRAL
78768,Austin,30.2672,-97.7431,CENTRAL
78769,Austin,30.2672,-97.7431,CENTRAL
78770,Austin,30.2672,-97.7431,CENTRAL
78771,Austin,30.2672,-97.7431,CENTRAL
78772,Austin,30.2672,-97.7431,CENTRAL
78773,Austin,30.2672,-97.7431,CENTRAL
78741,Austin,30.2672,-97.7431,CENTRAL
