event_type,n_event_days,avg_event_severity,baseline_daily_mw,event_response_avg_mw,sensitivity_multiplier_raw,sensitivity_multiplier
Extreme Cold/Wind Chill,6,6.5,3352.3,13321.9,3.974,2.115
Cold/Wind Chill,14,4.0,3352.3,6689.5,1.995,1.581
Ice Storm,2,8.5,3352.3,13976.2,4.169,1.528
Frost/Freeze,19,3.0,3352.3,5666.1,1.69,1.452
Sleet,3,3.0,3352.3,9073.8,2.707,1.394
Winter Storm,7,7.0,3352.3,5911.0,1.763,1.314
Winter Weather,17,5.0,3352.3,4767.7,1.422,1.266
Wildfire,30,4.5,3352.3,4210.6,1.256,1.192
Tropical Storm,1,6.5,3352.3,10197.0,3.042,1.186
Drought,70,1.5,3352.3,3956.1,1.18,1.158
Dense Fog,3,1.0,3352.3,3686.3,1.1,1.023
Heavy Rain,11,2.5,3352.3,3266.4,0.974,0.987
Excessive Heat,9,5.5,3352.3,3203.8,0.956,0.979
Strong Wind,19,4.0,3352.3,3131.4,0.934,0.957
High Wind,52,6.0,3352.3,3169.5,0.945,0.954
Tornado,59,8.781725888324873,3352.3,3039.3,0.907,0.92
Blizzard,1,8.0,3352.3,8.0,0.002,0.909
Coastal Flood,1,4.5,3352.3,8.0,0.002,0.909
Thunderstorm Wind,197,5.0,3352.3,2776.7,0.828,0.837
Flash Flood,145,6.0,3352.3,2701.1,0.806,0.818
Hail,163,4.0,3352.3,2690.5,0.803,0.814
Dust Storm,5,3.5,3352.3,1194.8,0.356,0.785
Heavy Snow,4,5.0,3352.3,2.5,0.001,0.714
Flood,51,4.5,3352.3,2188.8,0.653,0.71
Funnel Cloud,12,3.5,3352.3,1432.4,0.427,0.688
Lightning,31,2.5,3352.3,1940.0,0.579,0.681
Heat,29,3.0,3352.3,1634.4,0.488,0.619
