zip_code,city,county_name,ercot_zone,utility,risk_score,risk_tier,events_per_year,avg_event_severity,most_common_event_type,top_risk_event_type,estimated_outage_hours_per_year,utility_reliability_factor,total_events,raw_risk_score,narrative
77027,Houston,Harris County,SOUTH,CENTERPOINT,100.0,HIGH,56.26,4.8,Thunderstorm Wind,Thunderstorm Wind,224.1,1.509,309,351.999,"Houston (Harris County) sees ~56.3 severe weather events/year, most commonly thunderstorm wind. Thunderstorm Wind carries the most grid-outage risk here historically. CENTERPOINT has worse-than-average baseline grid reliability for Texas. Risk tier: HIGH."
77028,Houston,Harris County,SOUTH,CENTERPOINT,100.0,HIGH,56.26,4.8,Thunderstorm Wind,Thunderstorm Wind,224.1,1.509,309,351.999,"Houston (Harris County) sees ~56.3 severe weather events/year, most commonly thunderstorm wind. Thunderstorm Wind carries the most grid-outage risk here historically. CENTERPOINT has worse-than-average baseline grid reliability for Texas. Risk tier: HIGH."
77029,Houston,Harris County,SOUTH,CENTERPOINT,100.0,HIGH,56.26,4.8,Thunderstorm Wind,Thunderstorm Wind,224.1,1.509,309,351.999,"Houston (Harris County) sees ~56.3 severe weather events/year, most commonly thunderstorm wind. Thunderstorm Wind carries the most grid-outage risk here historically. CENTERPOINT has worse-than-average baseline grid reliability for Texas. Risk tier: HIGH."
77030,Houston,Harris County,SOUTH,CENTERPOINT,100.0,HIGH,56.26,4.8,Thunderstorm Wind,Thunderstorm Wind,224.1,1.509,309,351.999,"Houston (Harris County) sees ~56.3 severe weather events/year, most commonly thunderstorm wind. Thunderstorm Wind carries the most grid-outage risk here historically. CENTERPOINT has worse-than-average baseline grid reliability for Texas. Risk tier: HIGH."
77031,Houston,Harris County,SOUTH,CENTERPOINT,100.0,HIGH,56.26,4.8,Thunderstorm Wind,Thunderstorm Wind,224.1,1.509,309,351.999,"Houston (Harris County) sees ~56.3 severe weather events/year, most commonly thunderstorm wind. Thunderstorm Wind carries the most grid-outage risk here historically. CENTERPOINT has worse-than-average baseline grid reliability for Texas. Risk tier: HIGH."
77032,Houston,Harris County,SOUTH,CENTERPOINT,100.0,HIGH,56.26,4.8,Thunderstorm Wind,Thunderstorm Wind,224.1,1.509,309,351.999,"Houston (Harris County) sees ~56.3 severe weather events/year, most commonly thunderstorm wind. Thunderstorm Wind carries the most grid-outage risk here historically. CENTERPOINT has worse-than-average baseline grid reliability for Texas. Risk tier: HIGH."
77042,Houston,Harris County,SOUTH,CENTERPOINT,100.0,SEVERE,56.26,4.8,Thunderstorm Wind,Thunderstorm Wind,224.1,1.509,309,351.999,"Houston (Harris County) sees ~56.3 severe weather events/year, most commonly thunderstorm wind. Thunderstorm Wind carries the most grid-outage risk here historically. CENTERPOINT has worse-than-average baseline grid reliability for Texas. Risk tier: SEVERE."
77041,Houston,Harris County,SOUTH,CENTERPOINT,100.0,SEVERE,56.26,4.8,Thunderstorm Wind,Thunderstorm Wind,224.1,1.509,309,351.999,"Houston (Harris County) sees ~56.3 severe weather events/year, most commonly thunderstorm wind. Thunderstorm Wind carries the most grid-outage risk here historically. CENTERPOINT has worse-than-average baseline grid reliability for Texas. Risk tier: SEVERE."
77034,Houston,Harris County,SOUTH,CENTERPOINT,100.0,HIGH,56.26,4.8,Thunderstorm Wind,Thunderstorm Wind,224.1,1.509,309,351.999,"Houston (Harris County) sees ~56.3 severe weather events/year, most commonly thunderstorm wind. Thunderstorm Wind carries the most grid-outage risk here historically. CENTERPOINT has worse-than-average baseline grid reliability for Texas. Risk tier: HIGH."
77033,Houston,Harris County,SOUTH,CENTERPOINT,100.0,HIGH,56.26,4.8,Thunderstorm Wind,Thunderstorm Wind,224.1,1.509,309,351.999,"Houston (Harris County) sees ~56.3 severe weather events/year, most commonly thunderstorm wind. Thunderstorm Wind carries the most grid-outage risk here historically. CENTERPOINT has worse-than-average baseline grid reliability for Texas. Risk tier: HIGH."
77040,Houston,Harris County,SOUTH,CENTERPOINT,100.0,SEVERE,56.26,4.8,Thunderstorm Wind,Thunderstorm Wind,224.1,1.509,309,351.999,"Houston (Harris County) sees ~56.3 severe weather events/year, most commonly thunderstorm wind. Thunderstorm Wind carries the most grid-outage risk here historically. CENTERPOINT has worse-than-average baseline grid reliability for Texas. Risk tier: SEVERE."
77039,Houston,Harris County,SOUTH,CENTERPOINT,100.0,SEVERE,56.26,4.8,Thunderstorm Wind,Thunderstorm Wind,224.1,1.509,309,351.999,"Houston (Harris County) sees ~56.3 severe weather events/year, most commonly thunderstorm wind. Thunderstorm Wind carries the most grid-outage risk here historically. CENTERPOINT has worse-than-average baseline grid reliability for Texas. Risk tier: SEVERE."
77038,Houston,Harris County,SOUTH,CENTERPOINT,100.0,HIGH,56.26,4.8,Thunderstorm Wind,Thunderstorm Wind,224.1,1.509,309,351.999,"Houston (Harris County) sees ~56.3 severe weather events/year, most commonly thunderstorm wind. Thunderstorm Wind carries the most grid-outage risk here historically. CENTERPOINT has worse-than-average baseline grid reliability for Texas. Risk tier: HIGH."
77037,Houston,Harris County,SOUTH,CENTERPOINT,100.0,HIGH,56.26,4.8,Thunderstorm Wind,Thunderstorm Wind,224.1,1.509,309,351.999,"Houston (Harris County) sees ~56.3 severe weather events/year, most commonly thunderstorm wind. Thunderstorm Wind carries the most grid-outage risk here historically. CENTERPOINT has worse-than-average baseline grid reliability for Texas. Risk tier: HIGH."
77036,Houston,Harris County,SOUTH,CENTERPOINT,100.0,HIGH,56.26,4.8,Thunderstorm Wind,Thunderstorm Wind,224.1,1.509,309,351.999,"Houston (Harris County) sees ~56.3 severe weather events/year, most commonly thunderstorm wind. Thunderstorm Wind carries the most grid-outage risk here historically. CENTERPOINT has worse-than-average baseline grid reliability for Texas. Risk tier: HIGH."
77035,Houston,Harris County,SOUTH,CENTERPOINT,100.0,HIGH,56.26,4.8,Thunderstorm Wind,Thunderstorm Wind,224.1,1.509,309,351.999,"Houston (Harris County) sees ~56.3 severe weather events/year, most commonly thunderstorm wind. Thunderstorm Wind carries the most grid-outage risk here historically. CENTERPOINT has worse-than-average baseline grid reliability for Texas. Risk tier: HIGH."
77011,Houston,Harris County,SOUTH,CENTERPOINT,100.0,HIGH,56.26,4.8,Thunderstorm Wind,Thunderstorm Wind,224.1,1.509,309,351.999,"Houston (Harris County) sees ~56.3 severe weather events/year, most commonly thunderstorm wind. Thunderstorm Wind carries the most grid-outage risk here historically. CENTERPOINT has worse-than-average baseline grid reliability for Texas. Risk tier: HIGH."
77012,Houston,Harris County,SOUTH,CENTERPOINT,100.0,HIGH,56.26,4.8,Thunderstorm Wind,Thunderstorm Wind,224.1,1.509,309,351.999,"Houston (Harris County) sees ~56.3 severe weather events/year, most commonly thunderstorm wind. Thunderstorm Wind carries the most grid-outage risk here historically. CENTERPOINT has worse-than-average baseline grid reliability for Texas. Risk tier: HIGH."
77013,Houston,Harris County,SOUTH,CENTERPOINT,100.0,HIGH,56.26,4.8,Thunderstorm Wind,Thunderstorm Wind,224.1,1.509,309,351.999,"Houston (Harris County) sees ~56.3 severe weather events/year, most commonly thunderstorm wind. Thunderstorm Wind carries the most grid-outage risk here historically. CENTERPOINT has worse-than-average baseline grid reliability for Texas. Risk tier: HIGH."
77014,Houston,Harris County,SOUTH,CENTERPOINT,100.0,HIGH,56.26,4.8,Thunderstorm Wind,Thunderstorm Wind,224.1,1.509,309,351.999,"Houston (Harris County) sees ~56.3 severe weather events/year, most commonly thunderstorm wind. Thunderstorm Wind carries the most grid-outage risk here historically. CENTERPOINT has worse-than-average baseline grid reliability for Texas. Risk tier: HIGH."
77015,Houston,Harris County,SOUTH,CENTERPOINT,100.0,HIGH,56.26,4.8,Thunderstorm Wind,Thunderstorm Wind,224.1,1.509,309,351.999,"Houston (Harris County) sees ~56.3 severe weather events/year, most commonly thunderstorm wind. Thunderstorm Wind carries the most grid-outage risk here historically. CENTERPOINT has worse-than-average baseline grid reliability for Texas. Risk tier: HIGH."
77016,Houston,Harris County,SOUTH,CENTERPOINT,100.0,HIGH,56.26,4.8,Thunderstorm Wind,Thunderstorm Wind,224.1,1.509,309,351.999,"Houston (Harris County) sees ~56.3 severe weather events/year, most commonly thunderstorm wind. Thunderstorm Wind carries the most grid-outage risk here historically. CENTERPOINT has worse-than-average baseline grid reliability for Texas. Risk tier: HIGH."
77017,Houston,Harris County,SOUTH,CENTERPOINT,100.0,HIGH,56.26,4.8,Thunderstorm Wind,Thunderstorm Wind,224.1,1.509,309,351.999,"Houston (Harris County) sees ~56.3 severe weather events/year, most commonly thunderstorm wind. Thunderstorm Wind carries the most grid-outage risk here historically. CENTERPOINT has worse-than-average baseline grid reliability for Texas. Risk tier: HIGH."
77018,Houston,Harris County,SOUTH,CENTERPOINT,100.0,HIGH,56.26,4.8,Thunderstorm Wind,Thunderstorm Wind,224.1,1.509,309,351.999,"Houston (Harris County) sees ~56.3 severe weather events/year, most commonly thunderstorm wind. Thunderstorm Wind carries the most grid-outage risk here historically. CENTERPOINT has worse-than-average baseline grid reliability for Texas. Risk tier: HIGH."
77019,Houston,Harris County,SOUTH,CENTERPOINT,100.0,HIGH,56.26,4.8,Thunderstorm Wind,Thunderstorm Wind,224.1,1.509,309,351.999,"Houston (Harris County) sees ~56.3 severe weather events/year, most commonly thunderstorm wind. Thunderstorm Wind carries the most grid-outage risk here historically. CENTERPOINT has worse-than-average baseline grid reliability for Texas. Risk tier: HIGH."
77020,Houston,Harris County,SOUTH,CENTERPOINT,100.0,HIGH,56.26,4.8,Thunderstorm Wind,Thunderstorm Wind,224.1,1.509,309,351.999,"Houston (Harris County) sees ~56.3 severe weather events/year, most commonly thunderstorm wind. Thunderstorm Wind carries the most grid-outage risk here historically. CENTERPOINT has worse-than-average baseline grid reliability for Texas. Risk tier: HIGH."
77021,Houston,Harris County,SOUTH,CENTERPOINT,100.0,HIGH,56.26,4.8,Thunderstorm Wind,Thunderstorm Wind,224.1,1.509,309,351.999,"Houston (Harris County) sees ~56.3 severe weather events/year, most commonly thunderstorm wind. Thunderstorm Wind carries the most grid-outage risk here historically. CENTERPOINT has worse-than-average baseline grid reliability for Texas. Risk tier: HIGH."
77022,Houston,Harris County,SOUTH,CENTERPOINT,100.0,HIGH,56.26,4.8,Thunderstorm Wind,Thunderstorm Wind,224.1,1.509,309,351.999,"Houston (Harris County) sees ~56.3 severe weather events/year, most commonly thunderstorm wind. Thunderstorm Wind carries the most grid-outage risk here historically. CENTERPOINT has worse-than-average baseline grid reliability for Texas. Risk tier: HIGH."
77023,Houston,Harris County,SOUTH,CENTERPOINT,100.0,HIGH,56.26,4.8,Thunderstorm Wind,Thunderstorm Wind,224.1,1.509,309,351.999,"Houston (Harris County) sees ~56.3 severe weather events/year, most commonly thunderstorm wind. Thunderstorm Wind carries the most grid-outage risk here historically. CENTERPOINT has worse-than-average baseline grid reliability for Texas. Risk tier: HIGH."
77024,Houston,Harris County,SOUTH,CENTERPOINT,100.0,HIGH,56.26,4.8,Thunderstorm Wind,Thunderstorm Wind,224.1,1.509,309,351.999,"Houston (Harris County) sees ~56.3 severe weather events/year, most commonly thunderstorm wind. Thunderstorm Wind carries the most grid-outage risk here historically. CENTERPOINT has worse-than-average baseline grid reliability for Texas. Risk tier: HIGH."
77025,Houston,Harris County,SOUTH,CENTERPOINT,100.0,HIGH,56.26,4.8,Thunderstorm Wind,Thunderstorm Wind,224.1,1.509,309,351.999,"Houston (Harris County) sees ~56.3 severe weather events/year, most commonly thunderstorm wind. Thunderstorm Wind carries the most grid-outage risk here historically. CENTERPOINT has worse-than-average baseline grid reliability for Texas. Risk tier: HIGH."
77026,Houston,Harris County,SOUTH,CENTERPOINT,100.0,HIGH,56.26,4.8,Thunderstorm Wind,Thunderstorm Wind,224.1,1.509,309,351.999,"Houston (Harris County) sees ~56.3 severe weather events/year, most commonly thunderstorm wind. Thunderstorm Wind carries the most grid-outage risk here historically. CENTERPOINT has worse-than-average baseline grid reliability for Texas. Risk tier: HIGH."
77009,Houston,Harris County,SOUTH,CENTERPOINT,100.0,HIGH,56.26,4.8,Thunderstorm Wind,Thunderstorm Wind,224.1,1.509,309,351.999,"Houston (Harris County) sees ~56.3 severe weather events/year, most commonly thunderstorm wind. Thunderstorm Wind carries the most grid-outage risk here historically. CENTERPOINT has worse-than-average baseline grid reliability for Texas. Risk tier: HIGH."
77010,Houston,Harris County,SOUTH,CENTERPOINT,100.0,HIGH,56.26,4.8,Thunderstorm Wind,Thunderstorm Wind,224.1,1.509,309,351.999,"Houston (Harris County) sees ~56.3 severe weather events/year, most commonly thunderstorm wind. Thunderstorm Wind carries the most grid-outage risk here historically. CENTERPOINT has worse-than-average baseline grid reliability for Texas. Risk tier: HIGH."
77008,Houston,Harris County,SOUTH,CENTERPOINT,100.0,HIGH,56.26,4.8,Thunderstorm Wind,Thunderstorm Wind,224.1,1.509,309,351.999,"Houston (Harris County) sees ~56.3 severe weather events/year, most commonly thunderstorm wind. Thunderstorm Wind carries the most grid-outage risk here historically. CENTERPOINT has worse-than-average baseline grid reliability for Texas. Risk tier: HIGH."
77007,Houston,Harris County,SOUTH,CENTERPOINT,100.0,HIGH,56.26,4.8,Thunderstorm Wind,Thunderstorm Wind,224.1,1.509,309,351.999,"Houston (Harris County) sees ~56.3 severe weather events/year, most commonly thunderstorm wind. Thunderstorm Wind carries the most grid-outage risk here historically. CENTERPOINT has worse-than-average baseline grid reliability for Texas. Risk tier: HIGH."
77006,Houston,Harris County,SOUTH,CENTERPOINT,100.0,HIGH,56.26,4.8,Thunderstorm Wind,Thunderstorm Wind,224.1,1.509,309,351.999,"Houston (Harris County) sees ~56.3 severe weather events/year, most commonly thunderstorm wind. Thunderstorm Wind carries the most grid-outage risk here historically. CENTERPOINT has worse-than-average baseline grid reliability for Texas. Risk tier: HIGH."
77005,Houston,Harris County,SOUTH,CENTERPOINT,100.0,HIGH,56.26,4.8,Thunderstorm Wind,Thunderstorm Wind,224.1,1.509,309,351.999,"Houston (Harris County) sees ~56.3 severe weather events/year, most commonly thunderstorm wind. Thunderstorm Wind carries the most grid-outage risk here historically. CENTERPOINT has worse-than-average baseline grid reliability for Texas. Risk tier: HIGH."
77001,Houston,Harris County,SOUTH,CENTERPOINT,100.0,HIGH,56.26,4.8,Thunderstorm Wind,Thunderstorm Wind,224.1,1.509,309,351.999,"Houston (Harris County) sees ~56.3 severe weather events/year, most commonly thunderstorm wind. Thunderstorm Wind carries the most grid-outage risk here historically. CENTERPOINT has worse-than-average baseline grid reliability for Texas. Risk tier: HIGH."
77002,Houston,Harris County,SOUTH,CENTERPOINT,100.0,HIGH,56.26,4.8,Thunderstorm Wind,Thunderstorm Wind,224.1,1.509,309,351.999,"Houston (Harris County) sees ~56.3 severe weather events/year, most commonly thunderstorm wind. Thunderstorm Wind carries the most grid-outage risk here historically. CENTERPOINT has worse-than-average baseline grid reliability for Texas. Risk tier: HIGH."
77004,Houston,Harris County,SOUTH,CENTERPOINT,100.0,HIGH,56.26,4.8,Thunderstorm Wind,Thunderstorm Wind,224.1,1.509,309,351.999,"Houston (Harris County) sees ~56.3 severe weather events/year, most commonly thunderstorm wind. Thunderstorm Wind carries the most grid-outage risk here historically. CENTERPOINT has worse-than-average baseline grid reliability for Texas. Risk tier: HIGH."
77003,Houston,Harris County,SOUTH,CENTERPOINT,100.0,HIGH,56.26,4.8,Thunderstorm Wind,Thunderstorm Wind,224.1,1.509,309,351.999,"Houston (Harris County) sees ~56.3 severe weather events/year, most commonly thunderstorm wind. Thunderstorm Wind carries the most grid-outage risk here historically. CENTERPOINT has worse-than-average baseline grid reliability for Texas. Risk tier: HIGH."
77048,Houston,Harris County,SOUTH,CENTERPOINT,100.0,SEVERE,56.26,4.8,Thunderstorm Wind,Thunderstorm Wind,224.1,1.509,309,351.999,"Houston (Harris County) sees ~56.3 severe weather events/year, most commonly thunderstorm wind. Thunderstorm Wind carries the most grid-outage risk here historically. CENTERPOINT has worse-than-average baseline grid reliability for Texas. Risk tier: SEVERE."
77047,Houston,Harris County,SOUTH,CENTERPOINT,100.0,SEVERE,56.26,4.8,Thunderstorm Wind,Thunderstorm Wind,224.1,1.509,309,351.999,"Houston (Harris County) sees ~56.3 severe weather events/year, most commonly thunderstorm wind. Thunderstorm Wind carries the most grid-outage risk here historically. CENTERPOINT has worse-than-average baseline grid reliability for Texas. Risk tier: SEVERE."
77046,Houston,Harris County,SOUTH,CENTERPOINT,100.0,SEVERE,56.26,4.8,Thunderstorm Wind,Thunderstorm Wind,224.1,1.509,309,351.999,"Houston (Harris County) sees ~56.3 severe weather events/year, most commonly thunderstorm wind. Thunderstorm Wind carries the most grid-outage risk here historically. CENTERPOINT has worse-than-average baseline grid reliability for Texas. Risk tier: SEVERE."
77045,Houston,Harris County,SOUTH,CENTERPOINT,100.0,SEVERE,56.26,4.8,Thunderstorm Wind,Thunderstorm Wind,224.1,1.509,309,351.999,"Houston (Harris County) sees ~56.3 severe weather events/year, most commonly thunderstorm wind. Thunderstorm Wind carries the most grid-outage risk here historically. CENTERPOINT has worse-than-average baseline grid reliability for Texas. Risk tier: SEVERE."
77044,Houston,Harris County,SOUTH,CENTERPOINT,100.0,SEVERE,56.26,4.8,Thunderstorm Wind,Thunderstorm Wind,224.1,1.509,309,351.999,"Houston (Harris County) sees ~56.3 severe weather events/year, most commonly thunderstorm wind. Thunderstorm Wind carries the most grid-outage risk here historically. CENTERPOINT has worse-than-average baseline grid reliability for Texas. Risk tier: SEVERE."
77043,Houston,Harris County,SOUTH,CENTERPOINT,100.0,SEVERE,56.26,4.8,Thunderstorm Wind,Thunderstorm Wind,224.1,1.509,309,351.999,"Houston (Harris County) sees ~56.3 severe weather events/year, most commonly thunderstorm wind. Thunderstorm Wind carries the most grid-outage risk here historically. CENTERPOINT has worse-than-average baseline grid reliability for Texas. Risk tier: SEVERE."
77075,Houston,Harris County,SOUTH,CENTERPOINT,100.0,SEVERE,56.26,4.8,Thunderstorm Wind,Thunderstorm Wind,224.1,1.509,309,351.999,"Houston (Harris County) sees ~56.3 severe weather events/year, most commonly thunderstorm wind. Thunderstorm Wind carries the most grid-outage risk here historically. CENTERPOINT has worse-than-average baseline grid reliability for Texas. Risk tier: SEVERE."
77074,Houston,Harris County,SOUTH,CENTERPOINT,100.0,SEVERE,56.26,4.8,Thunderstorm Wind,Thunderstorm Wind,224.1,1.509,309,351.999,"Houston (Harris County) sees ~56.3 severe weather events/year, most commonly thunderstorm wind. Thunderstorm Wind carries the most grid-outage risk here historically. CENTERPOINT has worse-than-average baseline grid reliability for Texas. Risk tier: SEVERE."
77072,Houston,Harris County,SOUTH,CENTERPOINT,100.0,SEVERE,56.26,4.8,Thunderstorm Wind,Thunderstorm Wind,224.1,1.509,309,351.999,"Houston (Harris County) sees ~56.3 severe weather events/year, most commonly thunderstorm wind. Thunderstorm Wind carries the most grid-outage risk here historically. CENTERPOINT has worse-than-average baseline grid reliability for Texas. Risk tier: SEVERE."
77073,Houston,Harris County,SOUTH,CENTERPOINT,100.0,SEVERE,56.26,4.8,Thunderstorm Wind,Thunderstorm Wind,224.1,1.509,309,351.999,"Houston (Harris County) sees ~56.3 severe weather events/year, most commonly thunderstorm wind. Thunderstorm Wind carries the most grid-outage risk here historically. CENTERPOINT has worse-than-average baseline grid reliability for Texas. Risk tier: SEVERE."
77070,Houston,Harris County,SOUTH,CENTERPOINT,100.0,SEVERE,56.26,4.8,Thunderstorm Wind,Thunderstorm Wind,224.1,1.509,309,351.999,"Houston (Harris County) sees ~56.3 severe weather events/year, most commonly thunderstorm wind. Thunderstorm Wind carries the most grid-outage risk here historically. CENTERPOINT has worse-than-average baseline grid reliability for Texas. Risk tier: SEVERE."
77069,Houston,Harris County,SOUTH,CENTERPOINT,100.0,SEVERE,56.26,4.8,Thunderstorm Wind,Thunderstorm Wind,224.1,1.509,309,351.999,"Houston (Harris County) sees ~56.3 severe weather events/year, most commonly thunderstorm wind. Thunderstorm Wind carries the most grid-outage risk here historically. CENTERPOINT has worse-than-average baseline grid reliability for Texas. Risk tier: SEVERE."
77068,Houston,Harris County,SOUTH,CENTERPOINT,100.0,SEVERE,56.26,4.8,Thunderstorm Wind,Thunderstorm Wind,224.1,1.509,309,351.999,"Houston (Harris County) sees ~56.3 severe weather events/year, most commonly thunderstorm wind. Thunderstorm Wind carries the most grid-outage risk here historically. CENTERPOINT has worse-than-average baseline grid reliability for Texas. Risk tier: SEVERE."
77071,Houston,Harris County,SOUTH,CENTERPOINT,100.0,SEVERE,56.26,4.8,Thunderstorm Wind,Thunderstorm Wind,224.1,1.509,309,351.999,"Houston (Harris County) sees ~56.3 severe weather events/year, most commonly thunderstorm wind. Thunderstorm Wind carries the most grid-outage risk here historically. CENTERPOINT has worse-than-average baseline grid reliability for Texas. Risk tier: SEVERE."
77098,Houston,Harris County,SOUTH,CENTERPOINT,100.0,SEVERE,56.26,4.8,Thunderstorm Wind,Thunderstorm Wind,224.1,1.509,309,351.999,"Houston (Harris County) sees ~56.3 severe weather events/year, most commonly thunderstorm wind. Thunderstorm Wind carries the most grid-outage risk here historically. CENTERPOINT has worse-than-average baseline grid reliability for Texas. Risk tier: SEVERE."
77097,Houston,Harris County,SOUTH,CENTERPOINT,100.0,SEVERE,56.26,4.8,Thunderstorm Wind,Thunderstorm Wind,224.1,1.509,309,351.999,"Houston (Harris County) sees ~56.3 severe weather events/year, most commonly thunderstorm wind. Thunderstorm Wind carries the most grid-outage risk here historically. CENTERPOINT has worse-than-average baseline grid reliability for Texas. Risk tier: SEVERE."
77096,Houston,Harris County,SOUTH,CENTERPOINT,100.0,SEVERE,56.26,4.8,Thunderstorm Wind,Thunderstorm Wind,224.1,1.509,309,351.999,"Houston (Harris County) sees ~56.3 severe weather events/year, most commonly thunderstorm wind. Thunderstorm Wind carries the most grid-outage risk here historically. CENTERPOINT has worse-than-average baseline grid reliability for Texas. Risk tier: SEVERE."
77095,Houston,Harris County,SOUTH,CENTERPOINT,100.0,SEVERE,56.26,4.8,Thunderstorm Wind,Thunderstorm Wind,224.1,1.509,309,351.999,"Houston (Harris County) sees ~56.3 severe weather events/year, most commonly thunderstorm wind. Thunderstorm Wind carries the most grid-outage risk here historically. CENTERPOINT has worse-than-average baseline grid reliability for Texas. Risk tier: SEVERE."
77094,Houston,Harris County,SOUTH,CENTERPOINT,100.0,SEVERE,56.26,4.8,Thunderstorm Wind,Thunderstorm Wind,224.1,1.509,309,351.999,"Houston (Harris County) sees ~56.3 severe weather events/year, most commonly thunderstorm wind. Thunderstorm Wind carries the most grid-outage risk here historically. CENTERPOINT has worse-than-average baseline grid reliability for Texas. Risk tier: SEVERE."
77093,Houston,Harris County,SOUTH,CENTERPOINT,100.0,SEVERE,56.26,4.8,Thunderstorm Wind,Thunderstorm Wind,224.1,1.509,309,351.999,"Houston (Harris County) sees ~56.3 severe weather events/year, most commonly thunderstorm wind. Thunderstorm Wind carries the most grid-outage risk here historically. CENTERPOINT has worse-than-average baseline grid reliability for Texas. Risk tier: SEVERE."
77092,Houston,Harris County,SOUTH,CENTERPOINT,100.0,SEVERE,56.26,4.8,Thunderstorm Wind,Thunderstorm Wind,224.1,1.509,309,351.999,"Houston (Harris County) sees ~56.3 severe weather events/year, most commonly thunderstorm wind. Thunderstorm Wind carries the most grid-outage risk here historically. CENTERPOINT has worse-than-average baseline grid reliability for Texas. Risk tier: SEVERE."
77099,Houston,Harris County,SOUTH,CENTERPOINT,100.0,SEVERE,56.26,4.8,Thunderstorm Wind,Thunderstorm Wind,224.1,1.509,309,351.999,"Houston (Harris County) sees ~56.3 severe weather events/year, most commonly thunderstorm wind. Thunderstorm Wind carries the most grid-outage risk here historically. CENTERPOINT has worse-than-average baseline grid reliability for Texas. Risk tier: SEVERE."
77090,Houston,Harris County,SOUTH,CENTERPOINT,100.0,SEVERE,56.26,4.8,Thunderstorm Wind,Thunderstorm Wind,224.1,1.509,309,351.999,"Houston (Harris County) sees ~56.3 severe weather events/year, most commonly thunderstorm wind. Thunderstorm Wind carries the most grid-outage risk here historically. CENTERPOINT has worse-than-average baseline grid reliability for Texas. Risk tier: SEVERE."
77089,Houston,Harris County,SOUTH,CENTERPOINT,100.0,SEVERE,56.26,4.8,Thunderstorm Wind,Thunderstorm Wind,224.1,1.509,309,351.999,"Houston (Harris County) sees ~56.3 severe weather events/year, most commonly thunderstorm wind. Thunderstorm Wind carries the most grid-outage risk here historically. CENTERPOINT has worse-than-average baseline grid reliability for Texas. Risk tier: SEVERE."
77088,Houston,Harris County,SOUTH,CENTERPOINT,100.0,SEVERE,56.26,4.8,Thunderstorm Wind,Thunderstorm Wind,224.1,1.509,309,351.999,"Houston (Harris County) sees ~56.3 severe weather events/year, most commonly thunderstorm wind. Thunderstorm Wind carries the most grid-outage risk here historically. CENTERPOINT has worse-than-average baseline grid reliability for Texas. Risk tier: SEVERE."
77087,Houston,Harris County,SOUTH,CENTERPOINT,100.0,SEVERE,56.26,4.8,Thunderstorm Wind,Thunderstorm Wind,224.1,1.509,309,351.999,"Houston (Harris County) sees ~56.3 severe weather events/year, most commonly thunderstorm wind. Thunderstorm Wind carries the most grid-outage risk here historically. CENTERPOINT has worse-than-average baseline grid reliability for Texas. Risk tier: SEVERE."
77086,Houston,Harris County,SOUTH,CENTERPOINT,100.0,SEVERE,56.26,4.8,Thunderstorm Wind,Thunderstorm Wind,224.1,1.509,309,351.999,"Houston (Harris County) sees ~56.3 severe weather events/year, most commonly thunderstorm wind. Thunderstorm Wind carries the most grid-outage risk here historically. CENTERPOINT has worse-than-average baseline grid reliability for Texas. Risk tier: SEVERE."
77085,Houston,Harris County,SOUTH,CENTERPOINT,100.0,SEVERE,56.26,4.8,Thunderstorm Wind,Thunderstorm Wind,224.1,1.509,309,351.999,"Houston (Harris County) sees ~56.3 severe weather events/year, most commonly thunderstorm wind. Thunderstorm Wind carries the most grid-outage risk here historically. CENTERPOINT has worse-than-average baseline grid reliability for Texas. Risk tier: SEVERE."
77084,Houston,Harris County,SOUTH,CENTERPOINT,100.0,SEVERE,56.26,4.8,Thunderstorm Wind,Thunderstorm Wind,224.1,1.509,309,351.999,"Houston (Harris County) sees ~56.3 severe weather events/year, most commonly thunderstorm wind. Thunderstorm Wind carries the most grid-outage risk here historically. CENTERPOINT has worse-than-average baseline grid reliability for Texas. Risk tier: SEVERE."
77083,Houston,Harris County,SOUTH,CENTERPOINT,100.0,SEVERE,56.26,4.8,Thunderstorm Wind,Thunderstorm Wind,224.1,1.509,309,351.999,"Houston (Harris County) sees ~56.3 severe weather events/year, most commonly thunderstorm wind. Thunderstorm Wind carries the most grid-outage risk here historically. CENTERPOINT has worse-than-average baseline grid reliability for Texas. Risk tier: SEVERE."
77082,Houston,Harris County,SOUTH,CENTERPOINT,100.0,SEVERE,56.26,4.8,Thunderstorm Wind,Thunderstorm Wind,224.1,1.509,309,351.999,"Houston (Harris County) sees ~56.3 severe weather events/year, most commonly thunderstorm wind. Thunderstorm Wind carries the most grid-outage risk here historically. CENTERPOINT has worse-than-average baseline grid reliability for Texas. Risk tier: SEVERE."
77081,Houston,Harris County,SOUTH,CENTERPOINT,100.0,SEVERE,56.26,4.8,Thunderstorm Wind,Thunderstorm Wind,224.1,1.509,309,351.999,"Houston (Harris County) sees ~56.3 severe weather events/year, most commonly thunderstorm wind. Thunderstorm Wind carries the most grid-outage risk here historically. CENTERPOINT has worse-than-average baseline grid reliability for Texas. Risk tier: SEVERE."
77080,Houston,Harris County,SOUTH,CENTERPOINT,100.0,SEVERE,56.26,4.8,Thunderstorm Wind,Thunderstorm Wind,224.1,1.509,309,351.999,"Houston (Harris County) sees ~56.3 severe weather events/year, most commonly thunderstorm wind. Thunderstorm Wind carries the most grid-outage risk here historically. CENTERPOINT has worse-than-average baseline grid reliability for Texas. Risk tier: SEVERE."
77079,Houston,Harris County,SOUTH,CENTERPOINT,100.0,SEVERE,56.26,4.8,Thunderstorm Wind,Thunderstorm Wind,224.1,1.509,309,351.999,"Houston (Harris County) sees ~56.3 severe weather events/year, most commonly thunderstorm wind. Thunderstorm Wind carries the most grid-outage risk here historically. CENTERPOINT has worse-than-average baseline grid reliability for Texas. Risk tier: SEVERE."
77078,Houston,Harris County,SOUTH,CENTERPOINT,100.0,SEVERE,56.26,4.8,Thunderstorm Wind,Thunderstorm Wind,224.1,1.509,309,351.999,"Houston (Harris County) sees ~56.3 severe weather events/year, most commonly thunderstorm wind. Thunderstorm Wind carries the most grid-outage risk here historically. CENTERPOINT has worse-than-average baseline grid reliability for Texas. Risk tier: SEVERE."
77077,Houston,Harris County,SOUTH,CENTERPOINT,100.0,SEVERE,56.26,4.8,Thunderstorm Wind,Thunderstorm Wind,224.1,1.509,309,351.999,"Houston (Harris County) sees ~56.3 severe weather events/year, most commonly thunderstorm wind. Thunderstorm Wind carries the most grid-outage risk here historically. CENTERPOINT has worse-than-average baseline grid reliability for Texas. Risk tier: SEVERE."
77076,Houston,Harris County,SOUTH,CENTERPOINT,100.0,SEVERE,56.26,4.8,Thunderstorm Wind,Thunderstorm Wind,224.1,1.509,309,351.999,"Houston (Harris County) sees ~56.3 severe weather events/year, most commonly thunderstorm wind. Thunderstorm Wind carries the most grid-outage risk here historically. CENTERPOINT has worse-than-average baseline grid reliability for Texas. Risk tier: SEVERE."
77091,Houston,Harris County,SOUTH,CENTERPOINT,100.0,SEVERE,56.26,4.8,Thunderstorm Wind,Thunderstorm Wind,224.1,1.509,309,351.999,"Houston (Harris County) sees ~56.3 severe weather events/year, most commonly thunderstorm wind. Thunderstorm Wind carries the most grid-outage risk here historically. CENTERPOINT has worse-than-average baseline grid reliability for Texas. Risk tier: SEVERE."
77059,Houston,Harris County,SOUTH,CENTERPOINT,100.0,SEVERE,56.26,4.8,Thunderstorm Wind,Thunderstorm Wind,224.1,1.509,309,351.999,"Houston (Harris County) sees ~56.3 severe weather events/year, most commonly thunderstorm wind. Thunderstorm Wind carries the most grid-outage risk here historically. CENTERPOINT has worse-than-average baseline grid reliability for Texas. Risk tier: SEVERE."
77058,Houston,Harris County,SOUTH,CENTERPOINT,100.0,SEVERE,56.26,4.8,Thunderstorm Wind,Thunderstorm Wind,224.1,1.509,309,351.999,"Houston (Harris County) sees ~56.3 severe weather events/year, most commonly thunderstorm wind. Thunderstorm Wind carries the most grid-outage risk here historically. CENTERPOINT has worse-than-average baseline grid reliability for Texas. Risk tier: SEVERE."
77056,Houston,Harris County,SOUTH,CENTERPOINT,100.0,SEVERE,56.26,4.8,Thunderstorm Wind,Thunderstorm Wind,224.1,1.509,309,351.999,"Houston (Harris County) sees ~56.3 severe weather events/year, most commonly thunderstorm wind. Thunderstorm Wind carries the most grid-outage risk here historically. CENTERPOINT has worse-than-average baseline grid reliability for Texas. Risk tier: SEVERE."
77057,Houston,Harris County,SOUTH,CENTERPOINT,100.0,SEVERE,56.26,4.8,Thunderstorm Wind,Thunderstorm Wind,224.1,1.509,309,351.999,"Houston (Harris County) sees ~56.3 severe weather events/year, most commonly thunderstorm wind. Thunderstorm Wind carries the most grid-outage risk here historically. CENTERPOINT has worse-than-average baseline grid reliability for Texas. Risk tier: SEVERE."
77055,Houston,Harris County,SOUTH,CENTERPOINT,100.0,SEVERE,56.26,4.8,Thunderstorm Wind,Thunderstorm Wind,224.1,1.509,309,351.999,"Houston (Harris County) sees ~56.3 severe weather events/year, most commonly thunderstorm wind. Thunderstorm Wind carries the most grid-outage risk here historically. CENTERPOINT has worse-than-average baseline grid reliability for Texas. Risk tier: SEVERE."
77054,Houston,Harris County,SOUTH,CENTERPOINT,100.0,SEVERE,56.26,4.8,Thunderstorm Wind,Thunderstorm Wind,224.1,1.509,309,351.999,"Houston (Harris County) sees ~56.3 severe weather events/year, most commonly thunderstorm wind. Thunderstorm Wind carries the most grid-outage risk here historically. CENTERPOINT has worse-than-average baseline grid reliability for Texas. Risk tier: SEVERE."
77052,Houston,Harris County,SOUTH,CENTERPOINT,100.0,SEVERE,56.26,4.8,Thunderstorm Wind,Thunderstorm Wind,224.1,1.509,309,351.999,"Houston (Harris County) sees ~56.3 severe weather events/year, most commonly thunderstorm wind. Thunderstorm Wind carries the most grid-outage risk here historically. CENTERPOINT has worse-than-average baseline grid reliability for Texas. Risk tier: SEVERE."
77051,Houston,Harris County,SOUTH,CENTERPOINT,100.0,SEVERE,56.26,4.8,Thunderstorm Wind,Thunderstorm Wind,224.1,1.509,309,351.999,"Houston (Harris County) sees ~56.3 severe weather events/year, most commonly thunderstorm wind. Thunderstorm Wind carries the most grid-outage risk here historically. CENTERPOINT has worse-than-average baseline grid reliability for Texas. Risk tier: SEVERE."
77066,Houston,Harris County,SOUTH,CENTERPOINT,100.0,SEVERE,56.26,4.8,Thunderstorm Wind,Thunderstorm Wind,224.1,1.509,309,351.999,"Houston (Harris County) sees ~56.3 severe weather events/year, most commonly thunderstorm wind. Thunderstorm Wind carries the most grid-outage risk here historically. CENTERPOINT has worse-than-average baseline grid reliability for Texas. Risk tier: SEVERE."
77065,Houston,Harris County,SOUTH,CENTERPOINT,100.0,SEVERE,56.26,4.8,Thunderstorm Wind,Thunderstorm Wind,224.1,1.509,309,351.999,"Houston (Harris County) sees ~56.3 severe weather events/year, most commonly thunderstorm wind. Thunderstorm Wind carries the most grid-outage risk here historically. CENTERPOINT has worse-than-average baseline grid reliability for Texas. Risk tier: SEVERE."
77064,Houston,Harris County,SOUTH,CENTERPOINT,100.0,SEVERE,56.26,4.8,Thunderstorm Wind,Thunderstorm Wind,224.1,1.509,309,351.999,"Houston (Harris County) sees ~56.3 severe weather events/year, most commonly thunderstorm wind. Thunderstorm Wind carries the most grid-outage risk here historically. CENTERPOINT has worse-than-average baseline grid reliability for Texas. Risk tier: SEVERE."
77063,Houston,Harris County,SOUTH,CENTERPOINT,100.0,SEVERE,56.26,4.8,Thunderstorm Wind,Thunderstorm Wind,224.1,1.509,309,351.999,"Houston (Harris County) sees ~56.3 severe weather events/year, most commonly thunderstorm wind. Thunderstorm Wind carries the most grid-outage risk here historically. CENTERPOINT has worse-than-average baseline grid reliability for Texas. Risk tier: SEVERE."
77062,Houston,Harris County,SOUTH,CENTERPOINT,100.0,SEVERE,56.26,4.8,Thunderstorm Wind,Thunderstorm Wind,224.1,1.509,309,351.999,"Houston (Harris County) sees ~56.3 severe weather events/year, most commonly thunderstorm wind. Thunderstorm Wind carries the most grid-outage risk here historically. CENTERPOINT has worse-than-average baseline grid reliability for Texas. Risk tier: SEVERE."
77061,Houston,Harris County,SOUTH,CENTERPOINT,100.0,SEVERE,56.26,4.8,Thunderstorm Wind,Thunderstorm Wind,224.1,1.509,309,351.999,"Houston (Harris County) sees ~56.3 severe weather events/year, most commonly thunderstorm wind. Thunderstorm Wind carries the most grid-outage risk here historically. CENTERPOINT has worse-than-average baseline grid reliability for Texas. Risk tier: SEVERE."
77060,Houston,Harris County,SOUTH,CENTERPOINT,100.0,SEVERE,56.26,4.8,Thunderstorm Wind,Thunderstorm Wind,224.1,1.509,309,351.999,"Houston (Harris County) sees ~56.3 severe weather events/year, most commonly thunderstorm wind. Thunderstorm Wind carries the most grid-outage risk here historically. CENTERPOINT has worse-than-average baseline grid reliability for Texas. Risk tier: SEVERE."
77067,Houston,Harris County,SOUTH,CENTERPOINT,100.0,SEVERE,56.26,4.8,Thunderstorm Wind,Thunderstorm Wind,224.1,1.509,309,351.999,"Houston (Harris County) sees ~56.3 severe weather events/year, most commonly thunderstorm wind. Thunderstorm Wind carries the most grid-outage risk here historically. CENTERPOINT has worse-than-average baseline grid reliability for Texas. Risk tier: SEVERE."
77050,Houston,Harris County,SOUTH,CENTERPOINT,100.0,SEVERE,56.26,4.8,Thunderstorm Wind,Thunderstorm Wind,224.1,1.509,309,351.999,"Houston (Harris County) sees ~56.3 severe weather events/year, most commonly thunderstorm wind. Thunderstorm Wind carries the most grid-outage risk here historically. CENTERPOINT has worse-than-average baseline grid reliability for Texas. Risk tier: SEVERE."
77049,Houston,Harris County,SOUTH,CENTERPOINT,100.0,SEVERE,56.26,4.8,Thunderstorm Wind,Thunderstorm Wind,224.1,1.509,309,351.999,"Houston (Harris County) sees ~56.3 severe weather events/year, most commonly thunderstorm wind. Thunderstorm Wind carries the most grid-outage risk here historically. CENTERPOINT has worse-than-average baseline grid reliability for Texas. Risk tier: SEVERE."
75261,Dallas,Tarrant County,NORTH,ONCOR,74.9,HIGH,114.35,4.38,Hail,Hail,455.5,0.653,628,279.693,"Dallas (Tarrant County) sees ~114.3 severe weather events/year, most commonly hail. Hail carries the most grid-outage risk here historically. ONCOR has better-than-average baseline grid reliability for Texas. Risk tier: HIGH."
75245,Dallas,Dallas County,NORTH,ONCOR,50.2,MODERATE,78.66,4.72,Hail,Flash Flood,313.3,0.653,432,208.288,"Dallas (Dallas County) sees ~78.7 severe weather events/year, most commonly hail. Flash Flood carries the most grid-outage risk here historically. ONCOR has better-than-average baseline grid reliability for Texas. Risk tier: MODERATE."
75244,Dallas,Dallas County,NORTH,ONCOR,50.2,MODERATE,78.66,4.72,Hail,Flash Flood,313.3,0.653,432,208.288,"Dallas (Dallas County) sees ~78.7 severe weather events/year, most commonly hail. Flash Flood carries the most grid-outage risk here historically. ONCOR has better-than-average baseline grid reliability for Texas. Risk tier: MODERATE."
75243,Dallas,Dallas County,NORTH,ONCOR,50.2,MODERATE,78.66,4.72,Hail,Flash Flood,313.3,0.653,432,208.288,"Dallas (Dallas County) sees ~78.7 severe weather events/year, most commonly hail. Flash Flood carries the most grid-outage risk here historically. ONCOR has better-than-average baseline grid reliability for Texas. Risk tier: MODERATE."
75242,Dallas,Dallas County,NORTH,ONCOR,50.2,MODERATE,78.66,4.72,Hail,Flash Flood,313.3,0.653,432,208.288,"Dallas (Dallas County) sees ~78.7 severe weather events/year, most commonly hail. Flash Flood carries the most grid-outage risk here historically. ONCOR has better-than-average baseline grid reliability for Texas. Risk tier: MODERATE."
75241,Dallas,Dallas County,NORTH,ONCOR,50.2,MODERATE,78.66,4.72,Hail,Flash Flood,313.3,0.653,432,208.288,"Dallas (Dallas County) sees ~78.7 severe weather events/year, most commonly hail. Flash Flood carries the most grid-outage risk here historically. ONCOR has better-than-average baseline grid reliability for Texas. Risk tier: MODERATE."
75248,Dallas,Dallas County,NORTH,ONCOR,50.2,HIGH,78.66,4.72,Hail,Flash Flood,313.3,0.653,432,208.288,"Dallas (Dallas County) sees ~78.7 severe weather events/year, most commonly hail. Flash Flood carries the most grid-outage risk here historically. ONCOR has better-than-average baseline grid reliability for Texas. Risk tier: HIGH."
75247,Dallas,Dallas County,NORTH,ONCOR,50.2,HIGH,78.66,4.72,Hail,Flash Flood,313.3,0.653,432,208.288,"Dallas (Dallas County) sees ~78.7 severe weather events/year, most commonly hail. Flash Flood carries the most grid-outage risk here historically. ONCOR has better-than-average baseline grid reliability for Texas. Risk tier: HIGH."
75246,Dallas,Dallas County,NORTH,ONCOR,50.2,MODERATE,78.66,4.72,Hail,Flash Flood,313.3,0.653,432,208.288,"Dallas (Dallas County) sees ~78.7 severe weather events/year, most commonly hail. Flash Flood carries the most grid-outage risk here historically. ONCOR has better-than-average baseline grid reliability for Texas. Risk tier: MODERATE."
75001,Arlington,Dallas County,NORTH,ONCOR,50.2,MODERATE,78.66,4.72,Hail,Flash Flood,313.3,0.653,432,208.288,"Arlington (Dallas County) sees ~78.7 severe weather events/year, most commonly hail. Flash Flood carries the most grid-outage risk here historically. ONCOR has better-than-average baseline grid reliability for Texas. Risk tier: MODERATE."
75204,Dallas,Dallas County,NORTH,ONCOR,50.2,MODERATE,78.66,4.72,Hail,Flash Flood,313.3,0.653,432,208.288,"Dallas (Dallas County) sees ~78.7 severe weather events/year, most commonly hail. Flash Flood carries the most grid-outage risk here historically. ONCOR has better-than-average baseline grid reliability for Texas. Risk tier: MODERATE."
75201,Dallas,Dallas County,NORTH,ONCOR,50.2,MODERATE,78.66,4.72,Hail,Flash Flood,313.3,0.653,432,208.288,"Dallas (Dallas County) sees ~78.7 severe weather events/year, most commonly hail. Flash Flood carries the most grid-outage risk here historically. ONCOR has better-than-average baseline grid reliability for Texas. Risk tier: MODERATE."
75202,Dallas,Dallas County,NORTH,ONCOR,50.2,MODERATE,78.66,4.72,Hail,Flash Flood,313.3,0.653,432,208.288,"Dallas (Dallas County) sees ~78.7 severe weather events/year, most commonly hail. Flash Flood carries the most grid-outage risk here historically. ONCOR has better-than-average baseline grid reliability for Texas. Risk tier: MODERATE."
75203,Dallas,Dallas County,NORTH,ONCOR,50.2,MODERATE,78.66,4.72,Hail,Flash Flood,313.3,0.653,432,208.288,"Dallas (Dallas County) sees ~78.7 severe weather events/year, most commonly hail. Flash Flood carries the most grid-outage risk here historically. ONCOR has better-than-average baseline grid reliability for Texas. Risk tier: MODERATE."
75217,Dallas,Dallas County,NORTH,ONCOR,50.2,MODERATE,78.66,4.72,Hail,Flash Flood,313.3,0.653,432,208.288,"Dallas (Dallas County) sees ~78.7 severe weather events/year, most commonly hail. Flash Flood carries the most grid-outage risk here historically. ONCOR has better-than-average baseline grid reliability for Texas. Risk tier: MODERATE."
75218,Dallas,Dallas County,NORTH,ONCOR,50.2,MODERATE,78.66,4.72,Hail,Flash Flood,313.3,0.653,432,208.288,"Dallas (Dallas County) sees ~78.7 severe weather events/year, most commonly hail. Flash Flood carries the most grid-outage risk here historically. ONCOR has better-than-average baseline grid reliability for Texas. Risk tier: MODERATE."
75262,Dallas,Dallas County,NORTH,ONCOR,50.2,HIGH,78.66,4.72,Hail,Flash Flood,313.3,0.653,432,208.288,"Dallas (Dallas County) sees ~78.7 severe weather events/year, most commonly hail. Flash Flood carries the most grid-outage risk here historically. ONCOR has better-than-average baseline grid reliability for Texas. Risk tier: HIGH."
75275,Dallas,Dallas County,NORTH,ONCOR,50.2,HIGH,78.66,4.72,Hail,Flash Flood,313.3,0.653,432,208.288,"Dallas (Dallas County) sees ~78.7 severe weather events/year, most commonly hail. Flash Flood carries the most grid-outage risk here historically. ONCOR has better-than-average baseline grid reliability for Texas. Risk tier: HIGH."
75265,Dallas,Dallas County,NORTH,ONCOR,50.2,HIGH,78.66,4.72,Hail,Flash Flood,313.3,0.653,432,208.288,"Dallas (Dallas County) sees ~78.7 severe weather events/year, most commonly hail. Flash Flood carries the most grid-outage risk here historically. ONCOR has better-than-average baseline grid reliability for Texas. Risk tier: HIGH."
75264,Dallas,Dallas County,NORTH,ONCOR,50.2,HIGH,78.66,4.72,Hail,Flash Flood,313.3,0.653,432,208.288,"Dallas (Dallas County) sees ~78.7 severe weather events/year, most commonly hail. Flash Flood carries the most grid-outage risk here historically. ONCOR has better-than-average baseline grid reliability for Texas. Risk tier: HIGH."
75267,Dallas,Dallas County,NORTH,ONCOR,50.2,HIGH,78.66,4.72,Hail,Flash Flood,313.3,0.653,432,208.288,"Dallas (Dallas County) sees ~78.7 severe weather events/year, most commonly hail. Flash Flood carries the most grid-outage risk here historically. ONCOR has better-than-average baseline grid reliability for Texas. Risk tier: HIGH."
75270,Dallas,Dallas County,NORTH,ONCOR,50.2,HIGH,78.66,4.72,Hail,Flash Flood,313.3,0.653,432,208.288,"Dallas (Dallas County) sees ~78.7 severe weather events/year, most commonly hail. Flash Flood carries the most grid-outage risk here historically. ONCOR has better-than-average baseline grid reliability for Texas. Risk tier: HIGH."
75284,Dallas,Dallas County,NORTH,ONCOR,50.2,HIGH,78.66,4.72,Hail,Flash Flood,313.3,0.653,432,208.288,"Dallas (Dallas County) sees ~78.7 severe weather events/year, most commonly hail. Flash Flood carries the most grid-outage risk here historically. ONCOR has better-than-average baseline grid reliability for Texas. Risk tier: HIGH."
75260,Dallas,Dallas County,NORTH,ONCOR,50.2,HIGH,78.66,4.72,Hail,Flash Flood,313.3,0.653,432,208.288,"Dallas (Dallas County) sees ~78.7 severe weather events/year, most commonly hail. Flash Flood carries the most grid-outage risk here historically. ONCOR has better-than-average baseline grid reliability for Texas. Risk tier: HIGH."
75283,Dallas,Dallas County,NORTH,ONCOR,50.2,HIGH,78.66,4.72,Hail,Flash Flood,313.3,0.653,432,208.288,"Dallas (Dallas County) sees ~78.7 severe weather events/year, most commonly hail. Flash Flood carries the most grid-outage risk here historically. ONCOR has better-than-average baseline grid reliability for Texas. Risk tier: HIGH."
75249,Dallas,Dallas County,NORTH,ONCOR,50.2,HIGH,78.66,4.72,Hail,Flash Flood,313.3,0.653,432,208.288,"Dallas (Dallas County) sees ~78.7 severe weather events/year, most commonly hail. Flash Flood carries the most grid-outage risk here historically. ONCOR has better-than-average baseline grid reliability for Texas. Risk tier: HIGH."
75254,Dallas,Dallas County,NORTH,ONCOR,50.2,HIGH,78.66,4.72,Hail,Flash Flood,313.3,0.653,432,208.288,"Dallas (Dallas County) sees ~78.7 severe weather events/year, most commonly hail. Flash Flood carries the most grid-outage risk here historically. ONCOR has better-than-average baseline grid reliability for Texas. Risk tier: HIGH."
75253,Dallas,Dallas County,NORTH,ONCOR,50.2,HIGH,78.66,4.72,Hail,Flash Flood,313.3,0.653,432,208.288,"Dallas (Dallas County) sees ~78.7 severe weather events/year, most commonly hail. Flash Flood carries the most grid-outage risk here historically. ONCOR has better-than-average baseline grid reliability for Texas. Risk tier: HIGH."
75263,Dallas,Dallas County,NORTH,ONCOR,50.2,HIGH,78.66,4.72,Hail,Flash Flood,313.3,0.653,432,208.288,"Dallas (Dallas County) sees ~78.7 severe weather events/year, most commonly hail. Flash Flood carries the most grid-outage risk here historically. ONCOR has better-than-average baseline grid reliability for Texas. Risk tier: HIGH."
75266,Dallas,Dallas County,NORTH,ONCOR,50.2,HIGH,78.66,4.72,Hail,Flash Flood,313.3,0.653,432,208.288,"Dallas (Dallas County) sees ~78.7 severe weather events/year, most commonly hail. Flash Flood carries the most grid-outage risk here historically. ONCOR has better-than-average baseline grid reliability for Texas. Risk tier: HIGH."
75285,Dallas,Dallas County,NORTH,ONCOR,50.2,HIGH,78.66,4.72,Hail,Flash Flood,313.3,0.653,432,208.288,"Dallas (Dallas County) sees ~78.7 severe weather events/year, most commonly hail. Flash Flood carries the most grid-outage risk here historically. ONCOR has better-than-average baseline grid reliability for Texas. Risk tier: HIGH."
75277,Dallas,Dallas County,NORTH,ONCOR,50.2,HIGH,78.66,4.72,Hail,Flash Flood,313.3,0.653,432,208.288,"Dallas (Dallas County) sees ~78.7 severe weather events/year, most commonly hail. Flash Flood carries the most grid-outage risk here historically. ONCOR has better-than-average baseline grid reliability for Texas. Risk tier: HIGH."
75251,Dallas,Dallas County,NORTH,ONCOR,50.2,HIGH,78.66,4.72,Hail,Flash Flood,313.3,0.653,432,208.288,"Dallas (Dallas County) sees ~78.7 severe weather events/year, most commonly hail. Flash Flood carries the most grid-outage risk here historically. ONCOR has better-than-average baseline grid reliability for Texas. Risk tier: HIGH."
75286,Dallas,Dallas County,NORTH,ONCOR,50.2,HIGH,78.66,4.72,Hail,Flash Flood,313.3,0.653,432,208.288,"Dallas (Dallas County) sees ~78.7 severe weather events/year, most commonly hail. Flash Flood carries the most grid-outage risk here historically. ONCOR has better-than-average baseline grid reliability for Texas. Risk tier: HIGH."
75250,Dallas,Dallas County,NORTH,ONCOR,50.2,HIGH,78.66,4.72,Hail,Flash Flood,313.3,0.653,432,208.288,"Dallas (Dallas County) sees ~78.7 severe weather events/year, most commonly hail. Flash Flood carries the most grid-outage risk here historically. ONCOR has better-than-average baseline grid reliability for Texas. Risk tier: HIGH."
75205,Dallas,Dallas County,NORTH,ONCOR,50.2,MODERATE,78.66,4.72,Hail,Flash Flood,313.3,0.653,432,208.288,"Dallas (Dallas County) sees ~78.7 severe weather events/year, most commonly hail. Flash Flood carries the most grid-outage risk here historically. ONCOR has better-than-average baseline grid reliability for Texas. Risk tier: MODERATE."
75206,Dallas,Dallas County,NORTH,ONCOR,50.2,MODERATE,78.66,4.72,Hail,Flash Flood,313.3,0.653,432,208.288,"Dallas (Dallas County) sees ~78.7 severe weather events/year, most commonly hail. Flash Flood carries the most grid-outage risk here historically. ONCOR has better-than-average baseline grid reliability for Texas. Risk tier: MODERATE."
75207,Dallas,Dallas County,NORTH,ONCOR,50.2,MODERATE,78.66,4.72,Hail,Flash Flood,313.3,0.653,432,208.288,"Dallas (Dallas County) sees ~78.7 severe weather events/year, most commonly hail. Flash Flood carries the most grid-outage risk here historically. ONCOR has better-than-average baseline grid reliability for Texas. Risk tier: MODERATE."
75208,Dallas,Dallas County,NORTH,ONCOR,50.2,MODERATE,78.66,4.72,Hail,Flash Flood,313.3,0.653,432,208.288,"Dallas (Dallas County) sees ~78.7 severe weather events/year, most commonly hail. Flash Flood carries the most grid-outage risk here historically. ONCOR has better-than-average baseline grid reliability for Texas. Risk tier: MODERATE."
75209,Dallas,Dallas County,NORTH,ONCOR,50.2,MODERATE,78.66,4.72,Hail,Flash Flood,313.3,0.653,432,208.288,"Dallas (Dallas County) sees ~78.7 severe weather events/year, most commonly hail. Flash Flood carries the most grid-outage risk here historically. ONCOR has better-than-average baseline grid reliability for Texas. Risk tier: MODERATE."
75210,Dallas,Dallas County,NORTH,ONCOR,50.2,MODERATE,78.66,4.72,Hail,Flash Flood,313.3,0.653,432,208.288,"Dallas (Dallas County) sees ~78.7 severe weather events/year, most commonly hail. Flash Flood carries the most grid-outage risk here historically. ONCOR has better-than-average baseline grid reliability for Texas. Risk tier: MODERATE."
75211,Dallas,Dallas County,NORTH,ONCOR,50.2,MODERATE,78.66,4.72,Hail,Flash Flood,313.3,0.653,432,208.288,"Dallas (Dallas County) sees ~78.7 severe weather events/year, most commonly hail. Flash Flood carries the most grid-outage risk here historically. ONCOR has better-than-average baseline grid reliability for Texas. Risk tier: MODERATE."
75212,Dallas,Dallas County,NORTH,ONCOR,50.2,MODERATE,78.66,4.72,Hail,Flash Flood,313.3,0.653,432,208.288,"Dallas (Dallas County) sees ~78.7 severe weather events/year, most commonly hail. Flash Flood carries the most grid-outage risk here historically. ONCOR has better-than-average baseline grid reliability for Texas. Risk tier: MODERATE."
75214,Dallas,Dallas County,NORTH,ONCOR,50.2,MODERATE,78.66,4.72,Hail,Flash Flood,313.3,0.653,432,208.288,"Dallas (Dallas County) sees ~78.7 severe weather events/year, most commonly hail. Flash Flood carries the most grid-outage risk here historically. ONCOR has better-than-average baseline grid reliability for Texas. Risk tier: MODERATE."
75215,Dallas,Dallas County,NORTH,ONCOR,50.2,MODERATE,78.66,4.72,Hail,Flash Flood,313.3,0.653,432,208.288,"Dallas (Dallas County) sees ~78.7 severe weather events/year, most commonly hail. Flash Flood carries the most grid-outage risk here historically. ONCOR has better-than-average baseline grid reliability for Texas. Risk tier: MODERATE."
75216,Dallas,Dallas County,NORTH,ONCOR,50.2,MODERATE,78.66,4.72,Hail,Flash Flood,313.3,0.653,432,208.288,"Dallas (Dallas County) sees ~78.7 severe weather events/year, most commonly hail. Flash Flood carries the most grid-outage risk here historically. ONCOR has better-than-average baseline grid reliability for Texas. Risk tier: MODERATE."
75233,Dallas,Dallas County,NORTH,ONCOR,50.2,MODERATE,78.66,4.72,Hail,Flash Flood,313.3,0.653,432,208.288,"Dallas (Dallas County) sees ~78.7 severe weather events/year, most commonly hail. Flash Flood carries the most grid-outage risk here historically. ONCOR has better-than-average baseline grid reliability for Texas. Risk tier: MODERATE."
75234,Dallas,Dallas County,NORTH,ONCOR,50.2,MODERATE,78.66,4.72,Hail,Flash Flood,313.3,0.653,432,208.288,"Dallas (Dallas County) sees ~78.7 severe weather events/year, most commonly hail. Flash Flood carries the most grid-outage risk here historically. ONCOR has better-than-average baseline grid reliability for Texas. Risk tier: MODERATE."
75219,Dallas,Dallas County,NORTH,ONCOR,50.2,MODERATE,78.66,4.72,Hail,Flash Flood,313.3,0.653,432,208.288,"Dallas (Dallas County) sees ~78.7 severe weather events/year, most commonly hail. Flash Flood carries the most grid-outage risk here historically. ONCOR has better-than-average baseline grid reliability for Texas. Risk tier: MODERATE."
75220,Dallas,Dallas County,NORTH,ONCOR,50.2,MODERATE,78.66,4.72,Hail,Flash Flood,313.3,0.653,432,208.288,"Dallas (Dallas County) sees ~78.7 severe weather events/year, most commonly hail. Flash Flood carries the most grid-outage risk here historically. ONCOR has better-than-average baseline grid reliability for Texas. Risk tier: MODERATE."
75221,Dallas,Dallas County,NORTH,ONCOR,50.2,MODERATE,78.66,4.72,Hail,Flash Flood,313.3,0.653,432,208.288,"Dallas (Dallas County) sees ~78.7 severe weather events/year, most commonly hail. Flash Flood carries the most grid-outage risk here historically. ONCOR has better-than-average baseline grid reliability for Texas. Risk tier: MODERATE."
75222,Dallas,Dallas County,NORTH,ONCOR,50.2,MODERATE,78.66,4.72,Hail,Flash Flood,313.3,0.653,432,208.288,"Dallas (Dallas County) sees ~78.7 severe weather events/year, most commonly hail. Flash Flood carries the most grid-outage risk here historically. ONCOR has better-than-average baseline grid reliability for Texas. Risk tier: MODERATE."
75223,Dallas,Dallas County,NORTH,ONCOR,50.2,MODERATE,78.66,4.72,Hail,Flash Flood,313.3,0.653,432,208.288,"Dallas (Dallas County) sees ~78.7 severe weather events/year, most commonly hail. Flash Flood carries the most grid-outage risk here historically. ONCOR has better-than-average baseline grid reliability for Texas. Risk tier: MODERATE."
75224,Dallas,Dallas County,NORTH,ONCOR,50.2,MODERATE,78.66,4.72,Hail,Flash Flood,313.3,0.653,432,208.288,"Dallas (Dallas County) sees ~78.7 severe weather events/year, most commonly hail. Flash Flood carries the most grid-outage risk here historically. ONCOR has better-than-average baseline grid reliability for Texas. Risk tier: MODERATE."
75225,Dallas,Dallas County,NORTH,ONCOR,50.2,MODERATE,78.66,4.72,Hail,Flash Flood,313.3,0.653,432,208.288,"Dallas (Dallas County) sees ~78.7 severe weather events/year, most commonly hail. Flash Flood carries the most grid-outage risk here historically. ONCOR has better-than-average baseline grid reliability for Texas. Risk tier: MODERATE."
75226,Dallas,Dallas County,NORTH,ONCOR,50.2,MODERATE,78.66,4.72,Hail,Flash Flood,313.3,0.653,432,208.288,"Dallas (Dallas County) sees ~78.7 severe weather events/year, most commonly hail. Flash Flood carries the most grid-outage risk here historically. ONCOR has better-than-average baseline grid reliability for Texas. Risk tier: MODERATE."
75227,Dallas,Dallas County,NORTH,ONCOR,50.2,MODERATE,78.66,4.72,Hail,Flash Flood,313.3,0.653,432,208.288,"Dallas (Dallas County) sees ~78.7 severe weather events/year, most commonly hail. Flash Flood carries the most grid-outage risk here historically. ONCOR has better-than-average baseline grid reliability for Texas. Risk tier: MODERATE."
75228,Dallas,Dallas County,NORTH,ONCOR,50.2,MODERATE,78.66,4.72,Hail,Flash Flood,313.3,0.653,432,208.288,"Dallas (Dallas County) sees ~78.7 severe weather events/year, most commonly hail. Flash Flood carries the most grid-outage risk here historically. ONCOR has better-than-average baseline grid reliability for Texas. Risk tier: MODERATE."
75229,Dallas,Dallas County,NORTH,ONCOR,50.2,MODERATE,78.66,4.72,Hail,Flash Flood,313.3,0.653,432,208.288,"Dallas (Dallas County) sees ~78.7 severe weather events/year, most commonly hail. Flash Flood carries the most grid-outage risk here historically. ONCOR has better-than-average baseline grid reliability for Texas. Risk tier: MODERATE."
75230,Dallas,Dallas County,NORTH,ONCOR,50.2,MODERATE,78.66,4.72,Hail,Flash Flood,313.3,0.653,432,208.288,"Dallas (Dallas County) sees ~78.7 severe weather events/year, most commonly hail. Flash Flood carries the most grid-outage risk here historically. ONCOR has better-than-average baseline grid reliability for Texas. Risk tier: MODERATE."
75231,Dallas,Dallas County,NORTH,ONCOR,50.2,MODERATE,78.66,4.72,Hail,Flash Flood,313.3,0.653,432,208.288,"Dallas (Dallas County) sees ~78.7 severe weather events/year, most commonly hail. Flash Flood carries the most grid-outage risk here historically. ONCOR has better-than-average baseline grid reliability for Texas. Risk tier: MODERATE."
75232,Dallas,Dallas County,NORTH,ONCOR,50.2,MODERATE,78.66,4.72,Hail,Flash Flood,313.3,0.653,432,208.288,"Dallas (Dallas County) sees ~78.7 severe weather events/year, most commonly hail. Flash Flood carries the most grid-outage risk here historically. ONCOR has better-than-average baseline grid reliability for Texas. Risk tier: MODERATE."
75237,Dallas,Dallas County,NORTH,ONCOR,50.2,MODERATE,78.66,4.72,Hail,Flash Flood,313.3,0.653,432,208.288,"Dallas (Dallas County) sees ~78.7 severe weather events/year, most commonly hail. Flash Flood carries the most grid-outage risk here historically. ONCOR has better-than-average baseline grid reliability for Texas. Risk tier: MODERATE."
75238,Dallas,Dallas County,NORTH,ONCOR,50.2,MODERATE,78.66,4.72,Hail,Flash Flood,313.3,0.653,432,208.288,"Dallas (Dallas County) sees ~78.7 severe weather events/year, most commonly hail. Flash Flood carries the most grid-outage risk here historically. ONCOR has better-than-average baseline grid reliability for Texas. Risk tier: MODERATE."
75235,Dallas,Dallas County,NORTH,ONCOR,50.2,MODERATE,78.66,4.72,Hail,Flash Flood,313.3,0.653,432,208.288,"Dallas (Dallas County) sees ~78.7 severe weather events/year, most commonly hail. Flash Flood carries the most grid-outage risk here historically. ONCOR has better-than-average baseline grid reliability for Texas. Risk tier: MODERATE."
75236,Dallas,Dallas County,NORTH,ONCOR,50.2,MODERATE,78.66,4.72,Hail,Flash Flood,313.3,0.653,432,208.288,"Dallas (Dallas County) sees ~78.7 severe weather events/year, most commonly hail. Flash Flood carries the most grid-outage risk here historically. ONCOR has better-than-average baseline grid reliability for Texas. Risk tier: MODERATE."
75239,Dallas,Dallas County,NORTH,ONCOR,50.2,MODERATE,78.66,4.72,Hail,Flash Flood,313.3,0.653,432,208.288,"Dallas (Dallas County) sees ~78.7 severe weather events/year, most commonly hail. Flash Flood carries the most grid-outage risk here historically. ONCOR has better-than-average baseline grid reliability for Texas. Risk tier: MODERATE."
75240,Dallas,Dallas County,NORTH,ONCOR,50.2,MODERATE,78.66,4.72,Hail,Flash Flood,313.3,0.653,432,208.288,"Dallas (Dallas County) sees ~78.7 severe weather events/year, most commonly hail. Flash Flood carries the most grid-outage risk here historically. ONCOR has better-than-average baseline grid reliability for Texas. Risk tier: MODERATE."
78758,Austin,Travis County,CENTRAL,AUSTIN_ENERGY,29.0,LOW,51.89,4.36,Hail,Hail,206.7,0.714,285,147.238,"Austin (Travis County) sees ~51.9 severe weather events/year, most commonly hail. Hail carries the most grid-outage risk here historically. AUSTIN_ENERGY has better-than-average baseline grid reliability for Texas. Risk tier: LOW."
78709,Austin,Travis County,CENTRAL,AUSTIN_ENERGY,29.0,LOW,51.89,4.36,Hail,Hail,206.7,0.714,285,147.238,"Austin (Travis County) sees ~51.9 severe weather events/year, most commonly hail. Hail carries the most grid-outage risk here historically. AUSTIN_ENERGY has better-than-average baseline grid reliability for Texas. Risk tier: LOW."
78704,Austin,Travis County,CENTRAL,AUSTIN_ENERGY,29.0,LOW,51.89,4.36,Hail,Hail,206.7,0.714,285,147.238,"Austin (Travis County) sees ~51.9 severe weather events/year, most commonly hail. Hail carries the most grid-outage risk here historically. AUSTIN_ENERGY has better-than-average baseline grid reliability for Texas. Risk tier: LOW."
78701,Austin,Travis County,CENTRAL,AUSTIN_ENERGY,29.0,LOW,51.89,4.36,Hail,Hail,206.7,0.714,285,147.238,"Austin (Travis County) sees ~51.9 severe weather events/year, most commonly hail. Hail carries the most grid-outage risk here historically. AUSTIN_ENERGY has better-than-average baseline grid reliability for Texas. Risk tier: LOW."
78702,Austin,Travis County,CENTRAL,AUSTIN_ENERGY,29.0,LOW,51.89,4.36,Hail,Hail,206.7,0.714,285,147.238,"Austin (Travis County) sees ~51.9 severe weather events/year, most commonly hail. Hail carries the most grid-outage risk here historically. AUSTIN_ENERGY has better-than-average baseline grid reliability for Texas. Risk tier: LOW."
78703,Austin,Travis County,CENTRAL,AUSTIN_ENERGY,29.0,LOW,51.89,4.36,Hail,Hail,206.7,0.714,285,147.238,"Austin (Travis County) sees ~51.9 severe weather events/year, most commonly hail. Hail carries the most grid-outage risk here historically. AUSTIN_ENERGY has better-than-average baseline grid reliability for Texas. Risk tier: LOW."
78706,Austin,Travis County,CENTRAL,AUSTIN_ENERGY,29.0,LOW,51.89,4.36,Hail,Hail,206.7,0.714,285,147.238,"Austin (Travis County) sees ~51.9 severe weather events/year, most commonly hail. Hail carries the most grid-outage risk here historically. AUSTIN_ENERGY has better-than-average baseline grid reliability for Texas. Risk tier: LOW."
78705,Austin,Travis County,CENTRAL,AUSTIN_ENERGY,29.0,LOW,51.89,4.36,Hail,Hail,206.7,0.714,285,147.238,"Austin (Travis County) sees ~51.9 severe weather events/year, most commonly hail. Hail carries the most grid-outage risk here historically. AUSTIN_ENERGY has better-than-average baseline grid reliability for Texas. Risk tier: LOW."
78707,Austin,Travis County,CENTRAL,AUSTIN_ENERGY,29.0,LOW,51.89,4.36,Hail,Hail,206.7,0.714,285,147.238,"Austin (Travis County) sees ~51.9 severe weather events/year, most commonly hail. Hail carries the most grid-outage risk here historically. AUSTIN_ENERGY has better-than-average baseline grid reliability for Texas. Risk tier: LOW."
78708,Austin,Travis County,CENTRAL,AUSTIN_ENERGY,29.0,LOW,51.89,4.36,Hail,Hail,206.7,0.714,285,147.238,"Austin (Travis County) sees ~51.9 severe weather events/year, most commonly hail. Hail carries the most grid-outage risk here historically. AUSTIN_ENERGY has better-than-average baseline grid reliability for Texas. Risk tier: LOW."
78766,Austin,Travis County,CENTRAL,AUSTIN_ENERGY,29.0,MODERATE,51.89,4.36,Hail,Hail,206.7,0.714,285,147.238,"Austin (Travis County) sees ~51.9 severe weather events/year, most commonly hail. Hail carries the most grid-outage risk here historically. AUSTIN_ENERGY has better-than-average baseline grid reliability for Texas. Risk tier: MODERATE."
78759,Austin,Travis County,CENTRAL,AUSTIN_ENERGY,29.0,LOW,51.89,4.36,Hail,Hail,206.7,0.714,285,147.238,"Austin (Travis County) sees ~51.9 severe weather events/year, most commonly hail. Hail carries the most grid-outage risk here historically. AUSTIN_ENERGY has better-than-average baseline grid reliability for Texas. Risk tier: LOW."
78710,Austin,Travis County,CENTRAL,AUSTIN_ENERGY,29.0,LOW,51.89,4.36,Hail,Hail,206.7,0.714,285,147.238,"Austin (Travis County) sees ~51.9 severe weather events/year, most commonly hail. Hail carries the most grid-outage risk here historically. AUSTIN_ENERGY has better-than-average baseline grid reliability for Texas. Risk tier: LOW."
78711,Austin,Travis County,CENTRAL,AUSTIN_ENERGY,29.0,LOW,51.89,4.36,Hail,Hail,206.7,0.714,285,147.238,"Austin (Travis County) sees ~51.9 severe weather events/year, most commonly hail. Hail carries the most grid-outage risk here historically. AUSTIN_ENERGY has better-than-average baseline grid reliability for Texas. Risk tier: LOW."
78712,Austin,Travis County,CENTRAL,AUSTIN_ENERGY,29.0,LOW,51.89,4.36,Hail,Hail,206.7,0.714,285,147.238,"Austin (Travis County) sees ~51.9 severe weather events/year, most commonly hail. Hail carries the most grid-outage risk here historically. AUSTIN_ENERGY has better-than-average baseline grid reliability for Texas. Risk tier: LOW."
78713,Austin,Travis County,CENTRAL,AUSTIN_ENERGY,29.0,LOW,51.89,4.36,Hail,Hail,206.7,0.714,285,147.238,"Austin (Travis County) sees ~51.9 severe weather events/year, most commonly hail. Hail carries the most grid-outage risk here historically. AUSTIN_ENERGY has better-than-average baseline grid reliability for Texas. Risk tier: LOW."
78714,Austin,Travis County,CENTRAL,AUSTIN_ENERGY,29.0,LOW,51.89,4.36,Hail,Hail,206.7,0.714,285,147.238,"Austin (Travis County) sees ~51.9 severe weather events/year, most commonly hail. Hail carries the most grid-outage risk here historically. AUSTIN_ENERGY has better-than-average baseline grid reliability for Texas. Risk tier: LOW."
78715,Austin,Travis County,CENTRAL,AUSTIN_ENERGY,29.0,LOW,51.89,4.36,Hail,Hail,206.7,0.714,285,147.238,"Austin (Travis County) sees ~51.9 severe weather events/year, most commonly hail. Hail carries the most grid-outage risk here historically. AUSTIN_ENERGY has better-than-average baseline grid reliability for Texas. Risk tier: LOW."
78716,Austin,Travis County,CENTRAL,AUSTIN_ENERGY,29.0,LOW,51.89,4.36,Hail,Hail,206.7,0.714,285,147.238,"Austin (Travis County) sees ~51.9 severe weather events/year, most commonly hail. Hail carries the most grid-outage risk here historically. AUSTIN_ENERGY has better-than-average baseline grid reliability for Texas. Risk tier: LOW."
78718,Austin,Travis County,CENTRAL,AUSTIN_ENERGY,29.0,LOW,51.89,4.36,Hail,Hail,206.7,0.714,285,147.238,"Austin (Travis County) sees ~51.9 severe weather events/year, most commonly hail. Hail carries the most grid-outage risk here historically. AUSTIN_ENERGY has better-than-average baseline grid reliability for Texas. Risk tier: LOW."
78719,Austin,Travis County,CENTRAL,AUSTIN_ENERGY,29.0,LOW,51.89,4.36,Hail,Hail,206.7,0.714,285,147.238,"Austin (Travis County) sees ~51.9 severe weather events/year, most commonly hail. Hail carries the most grid-outage risk here historically. AUSTIN_ENERGY has better-than-average baseline grid reliability for Texas. Risk tier: LOW."
78720,Austin,Travis County,CENTRAL,AUSTIN_ENERGY,29.0,LOW,51.89,4.36,Hail,Hail,206.7,0.714,285,147.238,"Austin (Travis County) sees ~51.9 severe weather events/year, most commonly hail. Hail carries the most grid-outage risk here historically. AUSTIN_ENERGY has better-than-average baseline grid reliability for Texas. Risk tier: LOW."
78722,Austin,Travis County,CENTRAL,AUSTIN_ENERGY,29.0,LOW,51.89,4.36,Hail,Hail,206.7,0.714,285,147.238,"Austin (Travis County) sees ~51.9 severe weather events/year, most commonly hail. Hail carries the most grid-outage risk here historically. AUSTIN_ENERGY has better-than-average baseline grid reliability for Texas. Risk tier: LOW."
78721,Austin,Travis County,CENTRAL,AUSTIN_ENERGY,29.0,LOW,51.89,4.36,Hail,Hail,206.7,0.714,285,147.238,"Austin (Travis County) sees ~51.9 severe weather events/year, most commonly hail. Hail carries the most grid-outage risk here historically. AUSTIN_ENERGY has better-than-average baseline grid reliability for Texas. Risk tier: LOW."
78723,Austin,Travis County,CENTRAL,AUSTIN_ENERGY,29.0,LOW,51.89,4.36,Hail,Hail,206.7,0.714,285,147.238,"Austin (Travis County) sees ~51.9 severe weather events/year, most commonly hail. Hail carries the most grid-outage risk here historically. AUSTIN_ENERGY has better-than-average baseline grid reliability for Texas. Risk tier: LOW."
78724,Austin,Travis County,CENTRAL,AUSTIN_ENERGY,29.0,LOW,51.89,4.36,Hail,Hail,206.7,0.714,285,147.238,"Austin (Travis County) sees ~51.9 severe weather events/year, most commonly hail. Hail carries the most grid-outage risk here historically. AUSTIN_ENERGY has better-than-average baseline grid reliability for Texas. Risk tier: LOW."
78736,Austin,Travis County,CENTRAL,AUSTIN_ENERGY,29.0,LOW,51.89,4.36,Hail,Hail,206.7,0.714,285,147.238,"Austin (Travis County) sees ~51.9 severe weather events/year, most commonly hail. Hail carries the most grid-outage risk here historically. AUSTIN_ENERGY has better-than-average baseline grid reliability for Texas. Risk tier: LOW."
78725,Austin,Travis County,CENTRAL,AUSTIN_ENERGY,29.0,LOW,51.89,4.36,Hail,Hail,206.7,0.714,285,147.238,"Austin (Travis County) sees ~51.9 severe weather events/year, most commonly hail. Hail carries the most grid-outage risk here historically. AUSTIN_ENERGY has better-than-average baseline grid reliability for Texas. Risk tier: LOW."
78726,Austin,Travis County,CENTRAL,AUSTIN_ENERGY,29.0,LOW,51.89,4.36,Hail,Hail,206.7,0.714,285,147.238,"Austin (Travis County) sees ~51.9 severe weather events/year, most commonly hail. Hail carries the most grid-outage risk here historically. AUSTIN_ENERGY has better-than-average baseline grid reliability for Texas. Risk tier: LOW."
78727,Austin,Travis County,CENTRAL,AUSTIN_ENERGY,29.0,LOW,51.89,4.36,Hail,Hail,206.7,0.714,285,147.238,"Austin (Travis County) sees ~51.9 severe weather events/year, most commonly hail. Hail carries the most grid-outage risk here historically. AUSTIN_ENERGY has better-than-average baseline grid reliability for Texas. Risk tier: LOW."
78728,Austin,Travis County,CENTRAL,AUSTIN_ENERGY,29.0,LOW,51.89,4.36,Hail,Hail,206.7,0.714,285,147.238,"Austin (Travis County) sees ~51.9 severe weather events/year, most commonly hail. Hail carries the most grid-outage risk here historically. AUSTIN_ENERGY has better-than-average baseline grid reliability for Texas. Risk tier: LOW."
78730,Austin,Travis County,CENTRAL,AUSTIN_ENERGY,29.0,LOW,51.89,4.36,Hail,Hail,206.7,0.714,285,147.238,"Austin (Travis County) sees ~51.9 severe weather events/year, most commonly hail. Hail carries the most grid-outage risk here historically. AUSTIN_ENERGY has better-than-average baseline grid reliability for Texas. Risk tier: LOW."
78731,Austin,Travis County,CENTRAL,AUSTIN_ENERGY,29.0,LOW,51.89,4.36,Hail,Hail,206.7,0.714,285,147.238,"Austin (Travis County) sees ~51.9 severe weather events/year, most commonly hail. Hail carries the most grid-outage risk here historically. AUSTIN_ENERGY has better-than-average baseline grid reliability for Texas. Risk tier: LOW."
78732,Austin,Travis County,CENTRAL,AUSTIN_ENERGY,29.0,LOW,51.89,4.36,Hail,Hail,206.7,0.714,285,147.238,"Austin (Travis County) sees ~51.9 severe weather events/year, most commonly hail. Hail carries the most grid-outage risk here historically. AUSTIN_ENERGY has better-than-average baseline grid reliability for Texas. Risk tier: LOW."
78739,Austin,Travis County,CENTRAL,AUSTIN_ENERGY,29.0,LOW,51.89,4.36,Hail,Hail,206.7,0.714,285,147.238,"Austin (Travis County) sees ~51.9 severe weather events/year, most commonly hail. Hail carries the most grid-outage risk here historically. AUSTIN_ENERGY has better-than-average baseline grid reliability for Texas. Risk tier: LOW."
78733,Austin,Travis County,CENTRAL,AUSTIN_ENERGY,29.0,LOW,51.89,4.36,Hail,Hail,206.7,0.714,285,147.238,"Austin (Travis County) sees ~51.9 severe weather events/year, most commonly hail. Hail carries the most grid-outage risk here historically. AUSTIN_ENERGY has better-than-average baseline grid reliability for Texas. Risk tier: LOW."
78734,Austin,Travis County,CENTRAL,AUSTIN_ENERGY,29.0,LOW,51.89,4.36,Hail,Hail,206.7,0.714,285,147.238,"Austin (Travis County) sees ~51.9 severe weather events/year, most commonly hail. Hail carries the most grid-outage risk here historically. AUSTIN_ENERGY has better-than-average baseline grid reliability for Texas. Risk tier: LOW."
78735,Austin,Travis County,CENTRAL,AUSTIN_ENERGY,29.0,LOW,51.89,4.36,Hail,Hail,206.7,0.714,285,147.238,"Austin (Travis County) sees ~51.9 severe weather events/year, most commonly hail. Hail carries the most grid-outage risk here historically. AUSTIN_ENERGY has better-than-average baseline grid reliability for Texas. Risk tier: LOW."
78738,Austin,Travis County,CENTRAL,AUSTIN_ENERGY,29.0,LOW,51.89,4.36,Hail,Hail,206.7,0.714,285,147.238,"Austin (Travis County) sees ~51.9 severe weather events/year, most commonly hail. Hail carries the most grid-outage risk here historically. AUSTIN_ENERGY has better-than-average baseline grid reliability for Texas. Risk tier: LOW."
78743,Austin,Travis County,CENTRAL,AUSTIN_ENERGY,29.0,LOW,51.89,4.36,Hail,Hail,206.7,0.714,285,147.238,"Austin (Travis County) sees ~51.9 severe weather events/year, most commonly hail. Hail carries the most grid-outage risk here historically. AUSTIN_ENERGY has better-than-average baseline grid reliability for Texas. Risk tier: LOW."
78742,Austin,Travis County,CENTRAL,AUSTIN_ENERGY,29.0,LOW,51.89,4.36,Hail,Hail,206.7,0.714,285,147.238,"Austin (Travis County) sees ~51.9 severe weather events/year, most commonly hail. Hail carries the most grid-outage risk here historically. AUSTIN_ENERGY has better-than-average baseline grid reliability for Texas. Risk tier: LOW."
78741,Austin,Travis County,CENTRAL,AUSTIN_ENERGY,29.0,LOW,51.89,4.36,Hail,Hail,206.7,0.714,285,147.238,"Austin (Travis County) sees ~51.9 severe weather events/year, most commonly hail. Hail carries the most grid-outage risk here historically. AUSTIN_ENERGY has better-than-average baseline grid reliability for Texas. Risk tier: LOW."
78770,Austin,Travis County,CENTRAL,AUSTIN_ENERGY,29.0,MODERATE,51.89,4.36,Hail,Hail,206.7,0.714,285,147.238,"Austin (Travis County) sees ~51.9 severe weather events/year, most commonly hail. Hail carries the most grid-outage risk here historically. AUSTIN_ENERGY has better-than-average baseline grid reliability for Texas. Risk tier: MODERATE."
78767,Austin,Travis County,CENTRAL,AUSTIN_ENERGY,29.0,MODERATE,51.89,4.36,Hail,Hail,206.7,0.714,285,147.238,"Austin (Travis County) sees ~51.9 severe weather events/year, most commonly hail. Hail carries the most grid-outage risk here historically. AUSTIN_ENERGY has better-than-average baseline grid reliability for Texas. Risk tier: MODERATE."
78760,Austin,Travis County,CENTRAL,AUSTIN_ENERGY,29.0,MODERATE,51.89,4.36,Hail,Hail,206.7,0.714,285,147.238,"Austin (Travis County) sees ~51.9 severe weather events/year, most commonly hail. Hail carries the most grid-outage risk here historically. AUSTIN_ENERGY has better-than-average baseline grid reliability for Texas. Risk tier: MODERATE."
78744,Austin,Travis County,CENTRAL,AUSTIN_ENERGY,29.0,LOW,51.89,4.36,Hail,Hail,206.7,0.714,285,147.238,"Austin (Travis County) sees ~51.9 severe weather events/year, most commonly hail. Hail carries the most grid-outage risk here historically. AUSTIN_ENERGY has better-than-average baseline grid reliability for Texas. Risk tier: LOW."
78745,Austin,Travis County,CENTRAL,AUSTIN_ENERGY,29.0,LOW,51.89,4.36,Hail,Hail,206.7,0.714,285,147.238,"Austin (Travis County) sees ~51.9 severe weather events/year, most commonly hail. Hail carries the most grid-outage risk here historically. AUSTIN_ENERGY has better-than-average baseline grid reliability for Texas. Risk tier: LOW."
78746,Austin,Travis County,CENTRAL,AUSTIN_ENERGY,29.0,LOW,51.89,4.36,Hail,Hail,206.7,0.714,285,147.238,"Austin (Travis County) sees ~51.9 severe weather events/year, most commonly hail. Hail carries the most grid-outage risk here historically. AUSTIN_ENERGY has better-than-average baseline grid reliability for Texas. Risk tier: LOW."
78747,Austin,Travis County,CENTRAL,AUSTIN_ENERGY,29.0,LOW,51.89,4.36,Hail,Hail,206.7,0.714,285,147.238,"Austin (Travis County) sees ~51.9 severe weather events/year, most commonly hail. Hail carries the most grid-outage risk here historically. AUSTIN_ENERGY has better-than-average baseline grid reliability for Texas. Risk tier: LOW."
78748,Austin,Travis County,CENTRAL,AUSTIN_ENERGY,29.0,LOW,51.89,4.36,Hail,Hail,206.7,0.714,285,147.238,"Austin (Travis County) sees ~51.9 severe weather events/year, most commonly hail. Hail carries the most grid-outage risk here historically. AUSTIN_ENERGY has better-than-average baseline grid reliability for Texas. Risk tier: LOW."
78749,Austin,Travis County,CENTRAL,AUSTIN_ENERGY,29.0,LOW,51.89,4.36,Hail,Hail,206.7,0.714,285,147.238,"Austin (Travis County) sees ~51.9 severe weather events/year, most commonly hail. Hail carries the most grid-outage risk here historically. AUSTIN_ENERGY has better-than-average baseline grid reliability for Texas. Risk tier: LOW."
78750,Austin,Travis County,CENTRAL,AUSTIN_ENERGY,29.0,LOW,51.89,4.36,Hail,Hail,206.7,0.714,285,147.238,"Austin (Travis County) sees ~51.9 severe weather events/year, most commonly hail. Hail carries the most grid-outage risk here historically. AUSTIN_ENERGY has better-than-average baseline grid reliability for Texas. Risk tier: LOW."
78751,Austin,Travis County,CENTRAL,AUSTIN_ENERGY,29.0,LOW,51.89,4.36,Hail,Hail,206.7,0.714,285,147.238,"Austin (Travis County) sees ~51.9 severe weather events/year, most commonly hail. Hail carries the most grid-outage risk here historically. AUSTIN_ENERGY has better-than-average baseline grid reliability for Texas. Risk tier: LOW."
78752,Austin,Travis County,CENTRAL,AUSTIN_ENERGY,29.0,LOW,51.89,4.36,Hail,Hail,206.7,0.714,285,147.238,"Austin (Travis County) sees ~51.9 severe weather events/year, most commonly hail. Hail carries the most grid-outage risk here historically. AUSTIN_ENERGY has better-than-average baseline grid reliability for Texas. Risk tier: LOW."
78753,Austin,Travis County,CENTRAL,AUSTIN_ENERGY,29.0,LOW,51.89,4.36,Hail,Hail,206.7,0.714,285,147.238,"Austin (Travis County) sees ~51.9 severe weather events/year, most commonly hail. Hail carries the most grid-outage risk here historically. AUSTIN_ENERGY has better-than-average baseline grid reliability for Texas. Risk tier: LOW."
78754,Austin,Travis County,CENTRAL,AUSTIN_ENERGY,29.0,LOW,51.89,4.36,Hail,Hail,206.7,0.714,285,147.238,"Austin (Travis County) sees ~51.9 severe weather events/year, most commonly hail. Hail carries the most grid-outage risk here historically. AUSTIN_ENERGY has better-than-average baseline grid reliability for Texas. Risk tier: LOW."
78756,Austin,Travis County,CENTRAL,AUSTIN_ENERGY,29.0,LOW,51.89,4.36,Hail,Hail,206.7,0.714,285,147.238,"Austin (Travis County) sees ~51.9 severe weather events/year, most commonly hail. Hail carries the most grid-outage risk here historically. AUSTIN_ENERGY has better-than-average baseline grid reliability for Texas. Risk tier: LOW."
78757,Austin,Travis County,CENTRAL,AUSTIN_ENERGY,29.0,LOW,51.89,4.36,Hail,Hail,206.7,0.714,285,147.238,"Austin (Travis County) sees ~51.9 severe weather events/year, most commonly hail. Hail carries the most grid-outage risk here historically. AUSTIN_ENERGY has better-than-average baseline grid reliability for Texas. Risk tier: LOW."
78773,Austin,Travis County,CENTRAL,AUSTIN_ENERGY,29.0,MODERATE,51.89,4.36,Hail,Hail,206.7,0.714,285,147.238,"Austin (Travis County) sees ~51.9 severe weather events/year, most commonly hail. Hail carries the most grid-outage risk here historically. AUSTIN_ENERGY has better-than-average baseline grid reliability for Texas. Risk tier: MODERATE."
78771,Austin,Travis County,CENTRAL,AUSTIN_ENERGY,29.0,MODERATE,51.89,4.36,Hail,Hail,206.7,0.714,285,147.238,"Austin (Travis County) sees ~51.9 severe weather events/year, most commonly hail. Hail carries the most grid-outage risk here historically. AUSTIN_ENERGY has better-than-average baseline grid reliability for Texas. Risk tier: MODERATE."
78768,Austin,Travis County,CENTRAL,AUSTIN_ENERGY,29.0,MODERATE,51.89,4.36,Hail,Hail,206.7,0.714,285,147.238,"Austin (Travis County) sees ~51.9 severe weather events/year, most commonly hail. Hail carries the most grid-outage risk here historically. AUSTIN_ENERGY has better-than-average baseline grid reliability for Texas. Risk tier: MODERATE."
78761,Austin,Travis County,CENTRAL,AUSTIN_ENERGY,29.0,MODERATE,51.89,4.36,Hail,Hail,206.7,0.714,285,147.238,"Austin (Travis County) sees ~51.9 severe weather events/year, most commonly hail. Hail carries the most grid-outage risk here historically. AUSTIN_ENERGY has better-than-average baseline grid reliability for Texas. Risk tier: MODERATE."
78762,Austin,Travis County,CENTRAL,AUSTIN_ENERGY,29.0,MODERATE,51.89,4.36,Hail,Hail,206.7,0.714,285,147.238,"Austin (Travis County) sees ~51.9 severe weather events/year, most commonly hail. Hail carries the most grid-outage risk here historically. AUSTIN_ENERGY has better-than-average baseline grid reliability for Texas. Risk tier: MODERATE."
78763,Austin,Travis County,CENTRAL,AUSTIN_ENERGY,29.0,MODERATE,51.89,4.36,Hail,Hail,206.7,0.714,285,147.238,"Austin (Travis County) sees ~51.9 severe weather events/year, most commonly hail. Hail carries the most grid-outage risk here historically. AUSTIN_ENERGY has better-than-average baseline grid reliability for Texas. Risk tier: MODERATE."
78764,Austin,Travis County,CENTRAL,AUSTIN_ENERGY,29.0,MODERATE,51.89,4.36,Hail,Hail,206.7,0.714,285,147.238,"Austin (Travis County) sees ~51.9 severe weather events/year, most commonly hail. Hail carries the most grid-outage risk here historically. AUSTIN_ENERGY has better-than-average baseline grid reliability for Texas. Risk tier: MODERATE."
78765,Austin,Travis County,CENTRAL,AUSTIN_ENERGY,29.0,MODERATE,51.89,4.36,Hail,Hail,206.7,0.714,285,147.238,"Austin (Travis County) sees ~51.9 severe weather events/year, most commonly hail. Hail carries the most grid-outage risk here historically. AUSTIN_ENERGY has better-than-average baseline grid reliability for Texas. Risk tier: MODERATE."
78772,Austin,Travis County,CENTRAL,AUSTIN_ENERGY,29.0,MODERATE,51.89,4.36,Hail,Hail,206.7,0.714,285,147.238,"Austin (Travis County) sees ~51.9 severe weather events/year, most commonly hail. Hail carries the most grid-outage risk here historically. AUSTIN_ENERGY has better-than-average baseline grid reliability for Texas. Risk tier: MODERATE."
78769,Austin,Travis County,CENTRAL,AUSTIN_ENERGY,29.0,MODERATE,51.89,4.36,Hail,Hail,206.7,0.714,285,147.238,"Austin (Travis County) sees ~51.9 severe weather events/year, most commonly hail. Hail carries the most grid-outage risk here historically. AUSTIN_ENERGY has better-than-average baseline grid reliability for Texas. Risk tier: MODERATE."
75252,Dallas,Collin County,NORTH,ONCOR,28.5,LOW,58.27,4.39,Hail,Hail,232.1,0.653,320,145.705,"Dallas (Collin County) sees ~58.3 severe weather events/year, most commonly hail. Hail carries the most grid-outage risk here historically. ONCOR has better-than-average baseline grid reliability for Texas. Risk tier: LOW."
75287,Dallas,Collin County,NORTH,ONCOR,28.5,LOW,58.27,4.39,Hail,Hail,232.1,0.653,320,145.705,"Dallas (Collin County) sees ~58.3 severe weather events/year, most commonly hail. Hail carries the most grid-outage risk here historically. ONCOR has better-than-average baseline grid reliability for Texas. Risk tier: LOW."
78729,Austin,Williamson County,CENTRAL,AUSTIN_ENERGY,28.3,LOW,52.8,4.22,Hail,Hail,210.3,0.714,290,145.179,"Austin (Williamson County) sees ~52.8 severe weather events/year, most commonly hail. Hail carries the most grid-outage risk here historically. AUSTIN_ENERGY has better-than-average baseline grid reliability for Texas. Risk tier: LOW."
78717,Austin,Williamson County,CENTRAL,AUSTIN_ENERGY,28.3,LOW,52.8,4.22,Hail,Hail,210.3,0.714,290,145.179,"Austin (Williamson County) sees ~52.8 severe weather events/year, most commonly hail. Hail carries the most grid-outage risk here historically. AUSTIN_ENERGY has better-than-average baseline grid reliability for Texas. Risk tier: LOW."
78737,Austin,Hays County,CENTRAL,AUSTIN_ENERGY,5.7,LOW,28.04,4.06,Drought,Hail,111.7,0.714,154,80.124,"Austin (Hays County) sees ~28.0 severe weather events/year, most commonly drought. Hail carries the most grid-outage risk here historically. AUSTIN_ENERGY has better-than-average baseline grid reliability for Texas. Risk tier: LOW."
77053,Houston,Fort Bend County,SOUTH,CENTERPOINT,0.0,LOW,10.74,4.4,Hail,Thunderstorm Wind,42.8,1.509,59,63.628,"Houston (Fort Bend County) sees ~10.7 severe weather events/year, most commonly hail. Thunderstorm Wind carries the most grid-outage risk here historically. CENTERPOINT has worse-than-average baseline grid reliability for Texas. Risk tier: LOW."
