zip_code,city,latitude,longitude,ercot_zone,county_fips,county_name
75001,Arlington,32.7355,-97.1088,NORTH,48113,Dallas County
75201,Dallas,32.7767,-96.797,NORTH,48113,Dallas County
75202,Dallas,32.7767,-96.797,NORTH,48113,Dallas County
75203,Dallas,32.7767,-96.797,NORTH,48113,Dallas County
75204,Dallas,32.7767,-96.797,NORTH,48113,Dallas County
75205,Dallas,32.7767,-96.797,NORTH,48113,Dallas County
75206,Dallas,32.7767,-96.797,NORTH,48113,Dallas County
75207,Dallas,32.7767,-96.797,NORTH,48113,Dallas County
75208,Dallas,32.7767,-96.797,NORTH,48113,Dallas County
75209,Dallas,32.7767,-96.797,NORTH,48113,Dallas County
75210,Dallas,32.7767,-96.797,NORTH,48113,Dallas County
75211,Dallas,32.7767,-96.797,NORTH,48113,Dallas County
75212,Dallas,32.7767,-96.797,NORTH,48113,Dallas County
75214,Dallas,32.7767,-96.797,NORTH,48113,Dallas County
75215,Dallas,32.7767,-96.797,NORTH,48113,Dallas County
75216,Dallas,32.7767,-96.797,NORTH,48113,Dallas County
75217,Dallas,32.7767,-96.797,NORTH,48113,Dallas County
75218,Dallas,32.7767,-96.797,NORTH,48113,Dallas County
75219,Dallas,32.7767,-96.797,NORTH,48113,Dallas County
75220,Dallas,32.7767,-96.797,NORTH,48113,Dallas County
75221,Dallas,32.7767,-96.797,NORTH,48113,Dallas County
75222,Dallas,32.7767,-96.797,NORTH,48113,Dallas County
75223,Dallas,32.7767,-96.797,NORTH,48113,Dallas County
75224,Dallas,32.7767,-96.797,NORTH,48113,Dallas County
75225,Dallas,32.7767,-96.797,NORTH,48113,Dallas County
75226,Dallas,32.7767,-96.797,NORTH,48113,Dallas County
75227,Dallas,32.7767,-96.797,NORTH,48113,Dallas County
75228,Dallas,32.7767,-96.797,NORTH,48113,Dallas County
75229,Dallas,32.7767,-96.797,NORTH,48113,Dallas County
75230,Dallas,32.7767,-96.797,NORTH,48113,Dallas County
75231,Dallas,32.7767,-96.797,NORTH,48113,Dallas County
75232,Dallas,32.7767,-96.797,NORTH,48113,Dallas County
75233,Dallas,32.7767,-96.797,NORTH,48113,Dallas County
75234,Dallas,32.7767,-96.797,NORTH,48113,Dallas County
75235,Dallas,32.7767,-96.797,NORTH,48113,Dallas County
75236,Dallas,32.7767,-96.797,NORTH,48113,Dallas County
75237,Dallas,32.7767,-96.797,NORTH,48113,Dallas County
75238,Dallas,32.7767,-96.797,NORTH,48113,Dallas County
75239,Dallas,32.7767,-96.797,NORTH,48113,Dallas County
75240,Dallas,32.7767,-96.797,NORTH,48113,Dallas County
75241,Dallas,32.7767,-96.797,NORTH,48113,Dallas County
75242,Dallas,32.7767,-96.797,NORTH,48113,Dallas County
75243,Dallas,32.7767,-96.797,NORTH,48113,Dallas County
75244,Dallas,32.7767,-96.797,NORTH,48113,Dallas County
75245,Dallas,32.7767,-96.797,NORTH,48113,Dallas County
75246,Dallas,32.7767,-96.797,NORTH,48113,Dallas County
75247,Dallas,32.7767,-96.797,NORTH,48113,Dallas County
75248,Dallas,32.7767,-96.797,NORTH,48113,Dallas County
75249,Dallas,32.7767,-96.797,NORTH,48113,Dallas County
75250,Dallas,32.7767,-96.797,NORTH,48113,Dallas County
75251,Dallas,32.7767,-96.797,NORTH,48113,Dallas County
75252,Dallas,32.7767,-96.797,NORTH,48085,Collin County
75253,Dallas,32.7767,-96.797,NORTH,48113,Dallas County
75254,Dallas,32.7767,-96.797,NORTH,48113,Dallas County
75260,Dallas,32.7767,-96.797,NORTH,48113,Dallas County
75261,Dallas,32.7767,-96.797,NORTH,48439,Tarrant County
75262,Dallas,32.7767,-96.797,NORTH,48113,Dallas County
75263,Dallas,32.7767,-96.797,NORTH,48113,Dallas County
75264,Dallas,32.7767,-96.797,NORTH,48113,Dallas County
75265,Dallas,32.7767,-96.797,NORTH,48113,Dallas County
75266,Dallas,32.7767,-96.797,NORTH,48113,Dallas County
75267,Dallas,32.7767,-96.797,NORTH,48113,Dallas County
75270,Dallas,32.7767,-96.797,NORTH,48113,Dallas County
75275,Dallas,32.7767,-96.797,NORTH,48113,Dallas County
75277,Dallas,32.7767,-96.797,NORTH,48113,Dallas County
75283,Dallas,32.7767,-96.797,NORTH,48113,Dallas County
75284,Dallas,32.7767,-96.797,NORTH,48113,Dallas County
75285,Dallas,32.7767,-96.797,NORTH,48113,Dallas County
75286,Dallas,32.7767,-96.797,NORTH,48113,Dallas County
75287,Dallas,32.7767,-96.797,NORTH,48085,Collin County
77001,Houston,29.7604,-95.3698,SOUTH,48201,Harris County
77002,Houston,29.7604,-95.3698,SOUTH,48201,Harris County
77003,Houston,29.7604,-95.3698,SOUTH,48201,Harris County
77004,Houston,29.7604,-95.3698,SOUTH,48201,Harris County
77005,Houston,29.7604,-95.3698,SOUTH,48201,Harris County
77006,Houston,29.7604,-95.3698,SOUTH,48201,Harris County
77007,Houston,29.7604,-95.3698,SOUTH,48201,Harris County
77008,Houston,29.7604,-95.3698,SOUTH,48201,Harris County
77009,Houston,29.7604,-95.3698,SOUTH,48201,Harris County
77010,Houston,29.7604,-95.3698,SOUTH,48201,Harris County
77011,Houston,29.7604,-95.3698,SOUTH,48201,Harris County
77012,Houston,29.7604,-95.3698,SOUTH,48201,Harris County
77013,Houston,29.7604,-95.3698,SOUTH,48201,Harris County
77014,Houston,29.7604,-95.3698,SOUTH,48201,Harris County
77015,Houston,29.7604,-95.3698,SOUTH,48201,Harris County
77016,Houston,29.7604,-95.3698,SOUTH,48201,Harris County
77017,Houston,29.7604,-95.3698,SOUTH,48201,Harris County
77018,Houston,29.7604,-95.3698,SOUTH,48201,Harris County
77019,Houston,29.7604,-95.3698,SOUTH,48201,Harris County
77020,Houston,29.7604,-95.3698,SOUTH,48201,Harris County
77021,Houston,29.7604,-95.3698,SOUTH,48201,Harris County
77022,Houston,29.7604,-95.3698,SOUTH,48201,Harris County
77023,Houston,29.7604,-95.3698,SOUTH,48201,Harris County
77024,Houston,29.7604,-95.3698,SOUTH,48201,Harris County
77025,Houston,29.7604,-95.3698,SOUTH,48201,Harris County
77026,Houston,29.7604,-95.3698,SOUTH,48201,Harris County
77027,Houston,29.7604,-95.3698,SOUTH,48201,Harris County
77028,Houston,29.7604,-95.3698,SOUTH,48201,Harris County
77029,Houston,29.7604,-95.3698,SOUTH,48201,Harris County
77030,Houston,29.7604,-95.3698,SOUTH,48201,Harris County
77031,Houston,29.7604,-95.3698,SOUTH,48201,Harris County
77032,Houston,29.7604,-95.3698,SOUTH,48201,Harris County
77033,Houston,29.7604,-95.3698,SOUTH,48201,Harris County
77034,Houston,29.7604,-95.3698,SOUTH,48201,Harris County
77035,Houston,29.7604,-95.3698,SOUTH,48201,Harris County
77036,Houston,29.7604,-95.3698,SOUTH,48201,Harris County
77037,Houston,29.7604,-95.3698,SOUTH,48201,Harris County
77038,Houston,29.7604,-95.3698,SOUTH,48201,Harris County
77039,Houston,29.7604,-95.3698,SOUTH,48201,Harris County
77040,Houston,29.7604,-95.3698,SOUTH,48201,Harris County
77041,Houston,29.7604,-95.3698,SOUTH,48201,Harris County
77042,Houston,29.7604,-95.3698,SOUTH,48201,Harris County
77043,Houston,29.7604,-95.3698,SOUTH,48201,Harris County
77044,Houston,29.7604,-95.3698,SOUTH,48201,Harris County
77045,Houston,29.7604,-95.3698,SOUTH,48201,Harris County
77046,Houston,29.7604,-95.3698,SOUTH,48201,Harris County
77047,Houston,29.7604,-95.3698,SOUTH,48201,Harris County
77048,Houston,29.7604,-95.3698,SOUTH,48201,Harris County
77049,Houston,29.7604,-95.3698,SOUTH,48201,Harris County
77050,Houston,29.7604,-95.3698,SOUTH,48201,Harris County
77051,Houston,29.7604,-95.3698,SOUTH,48201,Harris County
77052,Houston,29.7604,-95.3698,SOUTH,48201,Harris County
77053,Houston,29.7604,-95.3698,SOUTH,48157,Fort Bend County
77054,Houston,29.7604,-95.3698,SOUTH,48201,Harris County
77055,Houston,29.7604,-95.3698,SOUTH,48201,Harris County
77056,Houston,29.7604,-95.3698,SOUTH,48201,Harris County
77057,Houston,29.7604,-95.3698,SOUTH,48201,Harris County
77058,Houston,29.7604,-95.3698,SOUTH,48201,Harris County
77059,Houston,29.7604,-95.3698,SOUTH,48201,Harris County
77060,Houston,29.7604,-95.3698,SOUTH,48201,Harris County
77061,Houston,29.7604,-95.3698,SOUTH,48201,Harris County
77062,Houston,29.7604,-95.3698,SOUTH,48201,Harris County
77063,Houston,29.7604,-95.3698,SOUTH,48201,Harris County
77064,Houston,29.7604,-95.3698,SOUTH,48201,Harris County
77065,Houston,29.7604,-95.3698,SOUTH,48201,Harris County
77066,Houston,29.7604,-95.3698,SOUTH,48201,Harris County
77067,Houston,29.7604,-95.3698,SOUTH,48201,Harris County
77068,Houston,29.7604,-95.3698,SOUTH,48201,Harris County
77069,Houston,29.7604,-95.3698,SOUTH,48201,Harris County
77070,Houston,29.7604,-95.3698,SOUTH,48201,Harris County
77071,Houston,29.7604,-95.3698,SOUTH,48201,Harris County
77072,Houston,29.7604,-95.3698,SOUTH,48201,Harris County
77073,Houston,29.7604,-95.3698,SOUTH,48201,Harris County
77074,Houston,29.7604,-95.3698,SOUTH,48201,Harris County
77075,Houston,29.7604,-95.3698,SOUTH,48201,Harris County
77076,Houston,29.7604,-95.3698,SOUTH,48201,Harris County
77077,Houston,29.7604,-95.3698,SOUTH,48201,Harris County
77078,Houston,29.7604,-95.3698,SOUTH,48201,Harris County
77079,Houston,29.7604,-95.3698,SOUTH,48201,Harris County
77080,Houston,29.7604,-95.3698,SOUTH,48201,Harris County
77081,Houston,29.7604,-95.3698,SOUTH,48201,Harris County
77082,Houston,29.7604,-95.3698,SOUTH,48201,Harris County
77083,Houston,29.7604,-95.3698,SOUTH,48201,Harris County
77084,Houston,29.7604,-95.3698,SOUTH,48201,Harris County
77085,Houston,29.7604,-95.3698,SOUTH,48201,Harris County
77086,Houston,29.7604,-95.3698,SOUTH,48201,Harris County
77087,Houston,29.7604,-95.3698,SOUTH,48201,Harris County
77088,Houston,29.7604,-95.3698,SOUTH,48201,Harris County
77089,Houston,29.7604,-95.3698,SOUTH,48201,Harris County
77090,Houston,29.7604,-95.3698,SOUTH,48201,Harris County
77091,Houston,29.7604,-95.3698,SOUTH,48201,Harris County
77092,Houston,29.7604,-95.3698,SOUTH,48201,Harris County
77093,Houston,29.7604,-95.3698,SOUTH,48201,Harris County
77094,Houston,29.7604,-95.3698,SOUTH,48201,Harris County
77095,Houston,29.7604,-95.3698,SOUTH,48201,Harris County
77096,Houston,29.7604,-95.3698,SOUTH,48201,Harris County
77097,Houston,29.7604,-95.3698,SOUTH,48201,Harris County
77098,Houston,29.7604,-95.3698,SOUTH,48201,Harris County
77099,Houston,29.7604,-95.3698,SOUTH,48201,Harris County
78701,Austin,30.2672,-97.7431,CENTRAL,48453,Travis County
78702,Austin,30.2672,-97.7431,CENTRAL,48453,Travis County
78703,Austin,30.2672,-97.7431,CENTRAL,48453,Travis County
78704,Austin,30.2672,-97.7431,CENTRAL,48453,Travis County
78705,Austin,30.2672,-97.7431,CENTRAL,48453,Travis County
78706,Austin,30.2672,-97.7431,CENTRAL,48453,Travis County
78707,Austin,30.2672,-97.7431,CENTRAL,48453,Travis County
78708,Austin,30.2672,-97.7431,CENTRAL,48453,Travis County
78709,Austin,30.2672,-97.7431,CENTRAL,48453,Travis County
78710,Austin,30.2672,-97.7431,CENTRAL,48453,Travis County
78711,Austin,30.2672,-97.7431,CENTRAL,48453,Travis County
78712,Austin,30.2672,-97.7431,CENTRAL,48453,Travis County
78713,Austin,30.2672,-97.7431,CENTRAL,48453,Travis County
78714,Austin,30.2672,-97.7431,CENTRAL,48453,Travis County
78715,Austin,30.2672,-97.7431,CENTRAL,48453,Travis County
78716,Austin,30.2672,-97.7431,CENTRAL,48453,Travis County
78717,Austin,30.2672,-97.7431,CENTRAL,48491,Williamson County
78718,Austin,30.2672,-97.7431,CENTRAL,48453,Travis County
78719,Austin,30.2672,-97.7431,CENTRAL,48453,Travis County
78720,Austin,30.2672,-97.7431,CENTRAL,48453,Travis County
78721,Austin,30.2672,-97.7431,CENTRAL,48453,Travis County
78722,Austin,30.2672,-97.7431,CENTRAL,48453,Travis County
78723,Austin,30.2672,-97.7431,CENTRAL,48453,Travis County
78724,Austin,30.2672,-97.7431,CENTRAL,48453,Travis County
78725,Austin,30.2672,-97.7431,CENTRAL,48453,Travis County
78726,Austin,30.2672,-97.7431,CENTRAL,48453,Travis County
78727,Austin,30.2672,-97.7431,CENTRAL,48453,Travis County
78728,Austin,30.2672,-97.7431,CENTRAL,48453,Travis County
78729,Austin,30.2672,-97.7431,CENTRAL,48491,Williamson County
78730,Austin,30.2672,-97.7431,CENTRAL,48453,Travis County
78731,Austin,30.2672,-97.7431,CENTRAL,48453,Travis County
78732,Austin,30.2672,-97.7431,CENTRAL,48453,Travis County
78733,Austin,30.2672,-97.7431,CENTRAL,48453,Travis County
78734,Austin,30.2672,-97.7431,CENTRAL,48453,Travis County
78735,Austin,30.2672,-97.7431,CENTRAL,48453,Travis County
78736,Austin,30.2672,-97.7431,CENTRAL,48453,Travis County
78737,Austin,30.2672,-97.7431,CENTRAL,48209,Hays County
78738,Austin,30.2672,-97.7431,CENTRAL,48453,Travis County
78739,Austin,30.2672,-97.7431,CENTRAL,48453,Travis County
78741,Austin,30.2672,-97.7431,CENTRAL,48453,Travis County
78742,Austin,30.2672,-97.7431,CENTRAL,48453,Travis County
78743,Austin,30.2672,-97.7431,CENTRAL,48453,Travis County
78744,Austin,30.2672,-97.7431,CENTRAL,48453,Travis County
78745,Austin,30.2672,-97.7431,CENTRAL,48453,Travis County
78746,Austin,30.2672,-97.7431,CENTRAL,48453,Travis County
78747,Austin,30.2672,-97.7431,CENTRAL,48453,Travis County
78748,Austin,30.2672,-97.7431,CENTRAL,48453,Travis County
78749,Austin,30.2672,-97.7431,CENTRAL,48453,Travis County
78750,Austin,30.2672,-97.7431,CENTRAL,48453,Travis County
78751,Austin,30.2672,-97.7431,CENTRAL,48453,Travis County
78752,Austin,30.2672,-97.7431,CENTRAL,48453,Travis County
78753,Austin,30.2672,-97.7431,CENTRAL,48453,Travis County
78754,Austin,30.2672,-97.7431,CENTRAL,48453,Travis County
78756,Austin,30.2672,-97.7431,CENTRAL,48453,Travis County
78757,Austin,30.2672,-97.7431,CENTRAL,48453,Travis County
78758,Austin,30.2672,-97.7431,CENTRAL,48453,Travis County
78759,Austin,30.2672,-97.7431,CENTRAL,48453,Travis County
78760,Austin,30.2672,-97.7431,CENTRAL,48453,Travis County
78761,Austin,30.2672,-97.7431,CENTRAL,48453,Travis County
78762,Austin,30.2672,-97.7431,CENTRAL,48453,Travis County
78763,Austin,30.2672,-97.7431,CENTRAL,48453,Travis County
78764,Austin,30.2672,-97.7431,CENTRAL,48453,Travis County
78765,Austin,30.2672,-97.7431,CENTRAL,48453,Travis County
78766,Austin,30.2672,-97.7431,CENTRAL,48453,Travis County
78767,Austin,30.2672,-97.7431,CENTRAL,48453,Travis County
78768,Austin,30.2672,-97.7431,CENTRAL,48453,Travis County
78769,Austin,30.2672,-97.7431,CENTRAL,48453,Travis County
78770,Austin,30.2672,-97.7431,CENTRAL,48453,Travis County
78771,Austin,30.2672,-97.7431,CENTRAL,48453,Travis County
78772,Austin,30.2672,-97.7431,CENTRAL,48453,Travis County
78773,Austin,30.2672,-97.7431,CENTRAL,48453,Travis County
