zip_code,city,utility
75001,Arlington,ONCOR
75201,Dallas,ONCOR
75202,Dallas,ONCOR
75203,Dallas,ONCOR
75204,Dallas,ONCOR
75205,Dallas,ONCOR
75206,Dallas,ONCOR
75207,Dallas,ONCOR
75208,Dallas,ONCOR
75209,Dallas,ONCOR
75210,Dallas,ONCOR
75211,Dallas,ONCOR
75212,Dallas,ONCOR
75214,Dallas,ONCOR
75215,Dallas,ONCOR
75216,Dallas,ONCOR
75217,Dallas,ONCOR
75218,Dallas,ONCOR
75219,Dallas,ONCOR
75220,Dallas,ONCOR
75221,Dallas,ONCOR
75222,Dallas,ONCOR
75223,Dallas,ONCOR
75224,Dallas,ONCOR
75225,Dallas,ONCOR
75226,Dallas,ONCOR
75227,Dallas,ONCOR
75228,Dallas,ONCOR
75229,Dallas,ONCOR
75230,Dallas,ONCOR
75231,Dallas,ONCOR
75232,Dallas,ONCOR
75233,Dallas,ONCOR
75234,Dallas,ONCOR
75235,Dallas,ONCOR
75236,Dallas,ONCOR
75237,Dallas,ONCOR
75238,Dallas,ONCOR
75239,Dallas,ONCOR
75240,Dallas,ONCOR
75241,Dallas,ONCOR
75242,Dallas,ONCOR
75243,Dallas,ONCOR
75244,Dallas,ONCOR
75245,Dallas,ONCOR
75246,Dallas,ONCOR
75247,Dallas,ONCOR
75248,Dallas,ONCOR
75249,Dallas,ONCOR
75250,Dallas,ONCOR
75251,Dallas,ONCOR
75252,Dallas,ONCOR
75253,Dallas,ONCOR
75254,Dallas,ONCOR
75260,Dallas,ONCOR
75261,Dallas,ONCOR
75262,Dallas,ONCOR
75263,Dallas,ONCOR
75264,Dallas,ONCOR
75265,Dallas,ONCOR
75266,Dallas,ONCOR
75267,Dallas,ONCOR
75270,Dallas,ONCOR
75275,Dallas,ONCOR
75277,Dallas,ONCOR
75283,Dallas,ONCOR
75284,Dallas,ONCOR
75285,Dallas,ONCOR
75286,Dallas,ONCOR
75287,Dallas,ONCOR
77001,Houston,CENTERPOINT
77002,Houston,CENTERPOINT
77003,Houston,CENTERPOINT
77004,Houston,CENTERPOINT
77005,Houston,CENTERPOINT
77006,Houston,CENTERPOINT
77007,Houston,CENTERPOINT
77008,Houston,CENTERPOINT
77009,Houston,CENTERPOINT
77010,Houston,CENTERPOINT
77011,Houston,CENTERPOINT
77012,Houston,CENTERPOINT
77013,Houston,CENTERPOINT
77014,Houston,CENTERPOINT
77015,Houston,CENTERPOINT
77016,Houston,CENTERPOINT
77017,Houston,CENTERPOINT
77018,Houston,CENTERPOINT
77019,Houston,CENTERPOINT
77020,Houston,CENTERPOINT
77021,Houston,CENTERPOINT
77022,Houston,CENTERPOINT
77023,Houston,CENTERPOINT
77024,Houston,CENTERPOINT
77025,Houston,CENTERPOINT
77026,Houston,CENTERPOINT
77027,Houston,CENTERPOINT
77028,Houston,CENTERPOINT
77029,Houston,CENTERPOINT
77030,Houston,CENTERPOINT
77031,Houston,CENTERPOINT
77032,Houston,CENTERPOINT
77033,Houston,CENTERPOINT
77034,Houston,CENTERPOINT
77035,Houston,CENTERPOINT
77036,Houston,CENTERPOINT
77037,Houston,CENTERPOINT
77038,Houston,CENTERPOINT
77039,Houston,CENTERPOINT
77040,Houston,CENTERPOINT
77041,Houston,CENTERPOINT
77042,Houston,CENTERPOINT
77043,Houston,CENTERPOINT
77044,Houston,CENTERPOINT
77045,Houston,CENTERPOINT
77046,Houston,CENTERPOINT
77047,Houston,CENTERPOINT
77048,Houston,CENTERPOINT
77049,Houston,CENTERPOINT
77050,Houston,CENTERPOINT
77051,Houston,CENTERPOINT
77052,Houston,CENTERPOINT
77053,Houston,CENTERPOINT
77054,Houston,CENTERPOINT
77055,Houston,CENTERPOINT
77056,Houston,CENTERPOINT
77057,Houston,CENTERPOINT
77058,Houston,CENTERPOINT
77059,Houston,CENTERPOINT
77060,Houston,CENTERPOINT
77061,Houston,CENTERPOINT
77062,Houston,CENTERPOINT
77063,Houston,CENTERPOINT
77064,Houston,CENTERPOINT
77065,Houston,CENTERPOINT
77066,Houston,CENTERPOINT
77067,Houston,CENTERPOINT
77068,Houston,CENTERPOINT
77069,Houston,CENTERPOINT
77070,Houston,CENTERPOINT
77071,Houston,CENTERPOINT
77072,Houston,CENTERPOINT
77073,Houston,CENTERPOINT
77074,Houston,CENTERPOINT
77075,Houston,CENTERPOINT
77076,Houston,CENTERPOINT
77077,Houston,CENTERPOINT
77078,Houston,CENTERPOINT
77079,Houston,CENTERPOINT
77080,Houston,CENTERPOINT
77081,Houston,CENTERPOINT
77082,Houston,CENTERPOINT
77083,Houston,CENTERPOINT
77084,Houston,CENTERPOINT
77085,Houston,CENTERPOINT
77086,Houston,CENTERPOINT
77087,Houston,CENTERPOINT
77088,Houston,CENTERPOINT
77089,Houston,CENTERPOINT
77090,Houston,CENTERPOINT
77091,Houston,CENTERPOINT
77092,Houston,CENTERPOINT
77093,Houston,CENTERPOINT
77094,Houston,CENTERPOINT
77095,Houston,CENTERPOINT
77096,Houston,CENTERPOINT
77097,Houston,CENTERPOINT
77098,Houston,CENTERPOINT
77099,Houston,CENTERPOINT
78701,Austin,AUSTIN_ENERGY
78702,Austin,AUSTIN_ENERGY
78703,Austin,AUSTIN_ENERGY
78704,Austin,AUSTIN_ENERGY
78705,Austin,AUSTIN_ENERGY
78706,Austin,AUSTIN_ENERGY
78707,Austin,AUSTIN_ENERGY
78708,Austin,AUSTIN_ENERGY
78709,Austin,AUSTIN_ENERGY
78710,Austin,AUSTIN_ENERGY
78711,Austin,AUSTIN_ENERGY
78712,Austin,AUSTIN_ENERGY
78713,Austin,AUSTIN_ENERGY
78714,Austin,AUSTIN_ENERGY
78715,Austin,AUSTIN_ENERGY
78716,Austin,AUSTIN_ENERGY
78717,Austin,AUSTIN_ENERGY
78718,Austin,AUSTIN_ENERGY
78719,Austin,AUSTIN_ENERGY
78720,Austin,AUSTIN_ENERGY
78721,Austin,AUSTIN_ENERGY
78722,Austin,AUSTIN_ENERGY
78723,Austin,AUSTIN_ENERGY
78724,Austin,AUSTIN_ENERGY
78725,Austin,AUSTIN_ENERGY
78726,Austin,AUSTIN_ENERGY
78727,Austin,AUSTIN_ENERGY
78728,Austin,AUSTIN_ENERGY
78729,Austin,AUSTIN_ENERGY
78730,Austin,AUSTIN_ENERGY
78731,Austin,AUSTIN_ENERGY
78732,Austin,AUSTIN_ENERGY
78733,Austin,AUSTIN_ENERGY
78734,Austin,AUSTIN_ENERGY
78735,Austin,AUSTIN_ENERGY
78736,Austin,AUSTIN_ENERGY
78737,Austin,AUSTIN_ENERGY
78738,Austin,AUSTIN_ENERGY
78739,Austin,AUSTIN_ENERGY
78741,Austin,AUSTIN_ENERGY
78742,Austin,AUSTIN_ENERGY
78743,Austin,AUSTIN_ENERGY
78744,Austin,AUSTIN_ENERGY
78745,Austin,AUSTIN_ENERGY
78746,Austin,AUSTIN_ENERGY
78747,Austin,AUSTIN_ENERGY
78748,Austin,AUSTIN_ENERGY
78749,Austin,AUSTIN_ENERGY
78750,Austin,AUSTIN_ENERGY
78751,Austin,AUSTIN_ENERGY
78752,Austin,AUSTIN_ENERGY
78753,Austin,AUSTIN_ENERGY
78754,Austin,AUSTIN_ENERGY
78756,Austin,AUSTIN_ENERGY
78757,Austin,AUSTIN_ENERGY
78758,Austin,AUSTIN_ENERGY
78759,Austin,AUSTIN_ENERGY
78760,Austin,AUSTIN_ENERGY
78761,Austin,AUSTIN_ENERGY
78762,Austin,AUSTIN_ENERGY
78763,Austin,AUSTIN_ENERGY
78764,Austin,AUSTIN_ENERGY
78765,Austin,AUSTIN_ENERGY
78766,Austin,AUSTIN_ENERGY
78767,Austin,AUSTIN_ENERGY
78768,Austin,AUSTIN_ENERGY
78769,Austin,AUSTIN_ENERGY
78770,Austin,AUSTIN_ENERGY
78771,Austin,AUSTIN_ENERGY
78772,Austin,AUSTIN_ENERGY
78773,Austin,AUSTIN_ENERGY
