utility,utility_name,year,saidi_minutes,saifi_times,saidi_minutes_no_major_events,standard,source
AUSTIN_ENERGY,Austin Energy,2021,1921.9,1.89,63.4,IEEE,EIA-861 2021 Reliability
BLUEBONNET,"Bluebonnet Electric Coop, Inc",2021,989.7,,96.0,IEEE,EIA-861 2021 Reliability
AEP_CENTRAL,AEP Texas Central Company,2021,1901.1,3.363,186.3,IEEE,EIA-861 2021 Reliability
CENTERPOINT,CenterPoint Energy,2021,2365.6,4.665,149.9,IEEE,EIA-861 2021 Reliability
PEDERNALES,"Pedernales Electric Coop, Inc",2021,150.5,1.133,83.5,IEEE,EIA-861 2021 Reliability
CPS,City of San Antonio - (TX),2021,175.8,1.581,67.7,IEEE,EIA-861 2021 Reliability
AEP_NORTH,AEP Texas North Company,2021,1136.6,2.724,113.9,IEEE,EIA-861 2021 Reliability
TNMP,Texas-New Mexico Power Co,2021,203.7,1.39,102.3,Other,EIA-861 2021 Reliability
ONCOR,Oncor Electric Delivery Company LLC,2021,558.8,2.03,68.8,Other,EIA-861 2021 Reliability
AUSTIN_ENERGY,Austin Energy,2022,85.1,0.96,67.7,IEEE,EIA-861 2022 Reliability
BLUEBONNET,"Bluebonnet Electric Coop, Inc",2022,142.6,1.272,101.9,IEEE,EIA-861 2022 Reliability
AEP_CENTRAL,AEP Texas Central Company,2022,208.9,2.113,166.2,IEEE,EIA-861 2022 Reliability
CENTERPOINT,CenterPoint Energy,2022,231.6,1.937,170.2,IEEE,EIA-861 2022 Reliability
PEDERNALES,"Pedernales Electric Coop, Inc",2022,81.5,1.18,81.5,IEEE,EIA-861 2022 Reliability
CPS,City of San Antonio - (TX),2022,123.7,1.41,59.8,IEEE,EIA-861 2022 Reliability
AEP_NORTH,AEP Texas North Company,2022,120.6,1.266,120.6,IEEE,EIA-861 2022 Reliability
TNMP,Texas-New Mexico Power Co,2022,101.6,1.164,92.7,Other,EIA-861 2022 Reliability
ONCOR,Oncor Electric Delivery Company LLC,2022,231.9,1.62,67.5,Other,EIA-861 2022 Reliability
AUSTIN_ENERGY,Austin Energy,2023,3265.4,1.49,83.8,IEEE,EIA-861 2023 Reliability
BLUEBONNET,"Bluebonnet Electric Coop, Inc",2023,310.3,1.655,101.5,IEEE,EIA-861 2023 Reliability
AEP_CENTRAL,AEP Texas Central Company,2023,408.9,2.018,169.7,IEEE,EIA-861 2023 Reliability
CENTERPOINT,CenterPoint Energy,2023,353.8,2.143,144.3,IEEE,EIA-861 2023 Reliability
PEDERNALES,"Pedernales Electric Coop, Inc",2023,274.4,1.193,75.7,IEEE,EIA-861 2023 Reliability
CPS,City of San Antonio - (TX),2023,169.7,1.65,61.2,IEEE,EIA-861 2023 Reliability
AEP_NORTH,AEP Texas North Company,2023,144.9,1.239,105.9,IEEE,EIA-861 2023 Reliability
TNMP,Texas-New Mexico Power Co,2023,129.7,1.29,101.2,Other,EIA-861 2023 Reliability
ONCOR,Oncor Electric Delivery Company LLC,2023,325.5,1.52,62.4,Other,EIA-861 2023 Reliability
AUSTIN_ENERGY,Austin Energy,2024,92.1,0.96,76.0,IEEE,EIA-861 2024 Reliability
BLUEBONNET,"Bluebonnet Electric Coop, Inc",2024,227.2,1.753,117.2,IEEE,EIA-861 2024 Reliability
AEP_CENTRAL,AEP Texas Central Company,2024,228.5,1.634,149.6,IEEE,EIA-861 2024 Reliability
CENTERPOINT,CenterPoint Energy,2024,4315.8,3.7,150.1,IEEE,EIA-861 2024 Reliability
PEDERNALES,"Pedernales Electric Coop, Inc",2024,57.4,0.792,57.4,IEEE,EIA-861 2024 Reliability
CPS,City of San Antonio - (TX),2024,73.8,1.148,61.8,IEEE,EIA-861 2024 Reliability
AEP_NORTH,AEP Texas North Company,2024,108.0,1.15,102.6,IEEE,EIA-861 2024 Reliability
TNMP,Texas-New Mexico Power Co,2024,1946.1,2.585,118.4,Other,EIA-861 2024 Reliability
ONCOR,Oncor Electric Delivery Company LLC,2024,532.5,1.71,67.3,Other,EIA-861 2024 Reliability
